132423-N-184745	жаропонижать средство
132423-N-199603	жаропонижающее
5660-N-113590	фармацевт
5660-N-113599	фармацевтический работник
9457-N-121613	кожный заболевание
9457-N-133774	болезнь кожа
9457-N-119820	кожный болезнь
9457-N-167629	дерматоз
9457-N-200031	заболевание кожа
136423-N-196867	диагност
6129-N-211915	заболевание сердечно -сосудистый система
6129-N-111792	сосудистый заболевание
6129-N-122050	сосудистый болезнь
6129-N-111460	сердечно-сосудистый заболевание
6129-N-182523	болезнь система кровообращение
6129-N-187201	болезнь система орган кровообращение
6129-N-116547	сердечно-сосудистый патология
109637-N-140924	криз
115084-N-109861	провизор
145293-N-691501	инфекция дыхательный путь
145293-N-691500	респираторный инфекция
116379-N-142471	морфинизм
9785-N-132850	акробатка
9785-N-121430	акробат
147116-N-711795	переворот через голова
9465-N-119763	невропатология
146540-N-677333	женский болезнь
7783-N-107584	нетрадициоть метод лечение
7783-N-684659	альтернативный метод лечение
7783-N-208504	нетрадициоть медицина
7783-N-684658	альтернативный медицина
5078-N-110227	психиатр
4089-N-113817	фитосанитарный надзор
4089-N-113813	фитосанитарный охрана
4089-N-113816	фитосанитарный контроль
133819-N-188633	болезнь костно -мышечный система
110638-N-141561	лихорадка
110638-N-729064	лихорадочный состояние
110638-N-181311	горячка
143712-N-677428	противораковый терапия
150611-N-732885	ринопластика
150611-N-732886	пластик нос
134290-N-189879	показатель фертильнодать
134290-N-189899	коэффициент фертильнодать
134290-N-189900	фертильность
9273-N-116901	военный медицина
150141-N-730679	рывок штанга
150141-N-152085	рывок
150141-N-730677	соревнование в рывок
150141-N-758971	упражнение рывок
150141-N-730680	в рывок
123591-N-692120	регистратура поликлиника
123591-N-692122	регистратура больница
123591-N-692121	регистратура клиника
123591-N-166846	регистратура
123591-N-692119	регистратура лечебный учреждение
123591-N-692118	регистратура медицинский учреждение
129918-N-759273	врач-травник
129918-N-199660	травник
129918-N-123197	фитотерапевт
146170-N-704893	санитарный ветеринарный мера
146170-N-704957	ветеринарный мера
146170-N-704956	ветеринарный мероприятие
146170-N-704892	ветеринарно санитарный мера
146170-N-704891	санитарный ветеринарный мероприятие
146170-N-120945	ветеринарно санитарный мероприятие
136540-N-197032	химиотерапия
154946-N-732928	расстройство сон
154946-N-735222	нарушение сон
9670-N-120668	грибковый заболевание
9670-N-678052	грибковый инфекция
9670-N-120670	микоз
8175-N-109572	предприятие медицинский промышленность
125041-N-120980	местный анестезия
125041-N-165820	замораживание
125041-N-120981	местный обезболиваний
125041-N-120979	местный анестетика
125041-N-182719	заморозка
2635-N-753521	употребление наркотик
2635-N-125353	потребление наркотик
2635-N-125365	наркотоксикомание
2635-N-182531	злоупотребление наркотик
2635-N-125332	наркозависимость
2635-N-202717	наркоманизация
2635-N-125361	наркотический зависимость
2635-N-107204	наркомания
2635-N-756702	зависимость от наркотик
2635-N-119091	злоупотребление наркотический средство
144833-N-716081	нейроциркуляторный дистония
144833-N-119732	дистония
144833-N-686857	вегето-сосудистый дистония
9076-N-117668	нарколог
148280-N-719461	подтягивание на турник
148280-N-751976	подтягивание на перекладина
148280-N-147814	подтягиваний
4654-N-121936	социальный психологический защита
4654-N-121937	социальный психологический мера
4654-N-121938	социальный психологический работа
4654-N-117681	социальный психологический помощь
4654-N-192417	социальный психологический поддержка
4654-N-110246	психологический служба
4654-N-110245	психологический помощь
4654-N-117673	психологический помощь
4654-N-120922	психологический поддержка
126757-N-119846	цирроз
126757-N-173882	цирроз печень
5179-N-110639	реанимобиль
5179-N-216386	автомобиль реанимация
5179-N-216387	машина реанимация
5179-N-110637	реанимациоть автомобиль
129454-N-178819	фистул
129454-N-160289	свищ
137615-N-217689	томографический сканнер
137615-N-201949	томограф
9331-N-686101	санврач
9331-N-119300	санитарный врач
9331-N-217343	санитарный инспектор
6481-N-124780	врождать аномалия
6481-N-215146	врождать нарушение
6481-N-123570	врождать патология
118096-N-734877	рубцеваний рана
118096-N-151999	рубцевание
131335-N-182692	заикание
9527-N-119877	клизма
148028-N-715885	трава зверобой
148028-N-138708	зверобой
148028-N-715886	зверобой трава
136989-N-199355	климатолечений
136989-N-199354	климатотерапия
146041-N-703254	растительный чай
146041-N-703252	фиточай
146041-N-715832	настой трава
146041-N-703253	лечебный чай
146041-N-114225	чай
146041-N-703251	травяной чай
148008-N-116658	лечебный трава
148008-N-715856	трава растение
148008-N-105724	лекарственный трава
148008-N-214924	целебный трава
140415-N-719788	осложнить течение
140415-N-162543	осложнение
140415-N-719782	осложнение заболевание
140415-N-209744	осложнение болезнь
134853-N-116740	протезный изделие
134853-N-110089	протез
149466-N-726556	тяжелый больной
149466-N-726555	тяжелобольной человек
4955-N-108264	острый кишечный инфекция
4955-N-115808	острый кишечный заболевание
4955-N-104872	кишечный инфекционный заболевание
4955-N-104871	кишечный инфекция
1048-N-715178	патогенный агент
1048-N-715177	биоагенть
1048-N-715176	биологический агент
1048-N-180252	возбудитель
1048-N-101905	возбудитель болезнь
1048-N-101906	возбудитель заболевание
1048-N-108563	патоген
116668-N-119542	кашель
113555-N-123020	очко
113842-N-136847	диабетик
113842-N-671147	больной диабет
113842-N-671146	диабетический больной
113842-N-671148	больной сахарный диабет
123782-N-167271	горчичник
5414-N-117532	профилактика беременность
5414-N-105277	контрацепция
5414-N-109611	предупреждение беременность
4625-N-118767	протезно-ортопедический продукция
4625-N-110082	протезно-ортопедический изделие
8968-N-116453	роженица
8968-N-191132	родильница
120814-N-753408	самолечений
132709-N-185825	коронка
132709-N-759836	стоматологические коронка
132709-N-185824	зубной коронка
132709-N-759835	коронка на зуб
9862-N-121666	аденома
2983-N-105870	лечебный кабинет
2983-N-111667	смотровой кабинет
2983-N-106304	медицинский кабинет
2983-N-173251	диагностический кабинет
8523-N-115553	наркологический диспансер
8523-N-115555	наркодиспансер
8523-N-202667	наркоклиник
8523-N-202666	наркобольница
9491-N-119965	шизофрения
9491-N-217331	шизофренический психоз
10085-N-197155	хиропрактика
10085-N-122190	мануальный терапия
109069-N-140838	крапивница
110959-N-153332	смола
110959-N-672188	смола дерево
110959-N-672186	натуральный смола
110959-N-672187	природный смола
153553-N-749628	расщепление личность
153553-N-749630	раздвоение сознание
153553-N-749627	раздвоение личность
153553-N-749629	множественный личность
9767-N-704546	рентгеновский просвечиваний
9767-N-704539	рентгеновский диагностика
9767-N-704547	радиография
9767-N-191031	рентген
9767-N-704542	радиодиагностика
9767-N-704543	рентгенографирование
9767-N-121423	рентгенография
9767-N-121422	рентгенодиагностика
9767-N-704541	рентгенологический диагностика
9767-N-124282	рентгенологический исследование
9767-N-121424	рентгеноскопия
9767-N-704545	радиографический исследование
9767-N-121785	лучевой диагностика
9767-N-704544	рентгеносъемка
109834-N-143751	нокдаун
115365-N-142030	медбрат
1058-N-114757	эпидемиология
112643-N-139869	катар желудок
112643-N-135895	гастрит
9007-N-117476	травматология
7391-N-104370	инфаркт миокард
120933-N-753900	тампонирований
120933-N-163117	тампонад
126847-N-173471	нокаут
108187-N-144479	овод
9414-N-119742	кист
5388-N-122264	амбулаторный долечивание
5388-N-123920	амбулаторный операция
5388-N-100416	амбулаторный лечение
5388-N-105873	лечение в амбулаторный условие
5388-N-122058	амбулаторный помощь
5388-N-122250	амбулаторно-медицинский помощь
5388-N-179893	амбулаторный прием
5388-N-122329	амбулаторный медицинский помощь
5388-N-125244	амбулаторный наблюдение
5388-N-100414	амбулаторно поликлинический помощь
2588-N-111154	санитарный обслуживание
2588-N-121909	санитарный гигиенический помощь
2588-N-121907	санитарный гигиенический мера
2588-N-117840	санитарный профилактический мероприятие
2588-N-111155	санитарный мероприятие
2588-N-217246	санитарный мера
143376-N-673813	фармацевт аптека
143376-N-113590	фармацевт
143376-N-673812	аптечный фармацевт
136973-N-691985	боязнь радиация
136973-N-199279	радиофобие
136973-N-691984	страх перед радиация
8489-N-115440	анаша
8489-N-203142	масло каннабис
8489-N-203143	гашишный масло
8489-N-115412	гашиш
8489-N-203136	смола каннабис
130761-N-181508	олигофрен
130761-N-690912	имбецил
130761-N-181509	даун
130761-N-181510	дебил
130761-N-191268	дебилка
1047-N-106291	медицинский сфера
1047-N-106274	медицина
135540-N-179880	частный медицинский практика
151862-N-739408	сбивание высокий температура
151862-N-739409	сбиваний температура
145284-N-691418	медицинский образование
126826-N-173431	воздушный гимнаст
126826-N-173432	воздушный гимнастка
126826-N-748255	воздушный акробат
125899-N-196363	выхаживание
10199-N-123831	болезнь печень
10199-N-206195	гепатопатия
10199-N-123036	заболевание печень
10199-N-121352	печеночный недостаточность
8215-N-108227	ортопедия
144031-N-680298	аутизм
144031-N-714685	аутистический мышление
3949-N-188706	психический нездоровье
3949-N-188703	психический нарушение
3949-N-110238	психический заболевание
3949-N-188707	психический недуг
3949-N-188704	психический недостаток
3949-N-188709	психический отклонение
3949-N-122221	психический болезнь
3949-N-165265	психзаболевание
3949-N-679012	отклонение в психика
3949-N-107564	нервно-психический расстройство
3949-N-118804	нервно-психический отклонение
3949-N-118991	нервный расстройство
3949-N-760473	душевный расстройство
3949-N-103477	душевный заболевание
3949-N-103475	душевный болезнь
3949-N-688926	психопатология
3949-N-669629	расстройство психика
3949-N-105825	психоневрологический расстройство
3949-N-110256	психоневрологический заболевание
3949-N-115532	психологический расстройство
3949-N-110241	психический расстройство
3907-N-110259	психотропный вещество
3907-N-165267	психотропный препарат
3907-N-754802	психоактивный вещество
3907-N-689443	психотропный средство
125596-N-170616	вживлений
111906-N-671142	аллергический больной
111906-N-132885	аллергик
3017-N-101084	больничный койка
3017-N-104947	койка больница
3017-N-120983	койко-место
110168-N-101156	брюшной тиф
137523-N-201499	энтерит
4688-N-112120	стерилизация
142950-N-670337	валидол
124584-N-116700	сексология
147994-N-715833	жидкий лекарственный форма
147994-N-726693	жидкий лекарство
5801-N-113380	умственный расстройство
5801-N-122690	нарушение психика
5801-N-118414	нарушение интеллект
5654-N-102500	гнус
112988-N-146273	пенициллин
4888-N-118082	тренерский кадр
4888-N-191754	тренерш
4888-N-113118	тренер
8950-N-117229	антибиотикотерапия
8706-N-116269	глауком
144336-N-115857	шиповник
127565-N-175293	остеопороз
9596-N-120433	адреналин
8606-N-117670	кардиохирургический помощь
8606-N-123207	сосудистый хирургия
8606-N-121727	сердечно-сосудистый хирургия
8606-N-122178	коронарный хирургия
8606-N-115922	кардиохирургия
8687-N-116165	загазованность
154755-N-759710	упражнение с булава
5802-N-213471	проблема в развитие
5802-N-213472	отклонение в развитие
5802-N-115581	нарушение умственный развитие
5802-N-213470	нарушение интеллектуальный развитие
5802-N-108061	олигофрение
5802-N-213983	малоумий
5802-N-217540	умственный неполноценность
5802-N-201826	имбецильность
5802-N-113379	умственный отсталость
5802-N-217552	идиотие
5802-N-213982	задержка умственный развитие
5802-N-756031	задержка в развитие
5802-N-119859	дебильность
108863-N-120976	гайморит
7394-N-700683	полиартрит
7394-N-100552	артрит
125515-N-170443	валерьянка
125515-N-187060	настойка валерьяна
125515-N-170442	валерьяновый капля
125515-N-176606	валериановый капля
9598-N-120440	бронхит
1063-N-121807	врачебный обследование
1063-N-120215	амбулаторный обследование
1063-N-122227	врачебный осмотр
1063-N-122216	врачебный прием
1063-N-120041	клинический обследование
1063-N-121823	лечебть -диагностический работа
1063-N-121822	лечебно -диагностический процесс
1063-N-116945	лечебть -диагностический мероприятие
1063-N-106305	медицинский осмотр
1063-N-106321	медицинский обследование
1063-N-678384	медобследование
1063-N-707499	медосвидетельствование
1063-N-120462	медосмотр
5390-N-144786	операция
5390-N-689871	оперативный лечение
5390-N-113988	хирургический операция
5390-N-113990	хирургический лечение
5390-N-120132	хирургический вмешательство
5390-N-749313	оперирование
5390-N-120094	хирургический метод
5390-N-170749	оперативный вмешательство
5390-N-122245	хирургический коррекция
5390-N-120121	хирургический помощь
9278-N-119598	ампутация
1040-N-101087	больничный учреждение
1040-N-116226	лазарет
1040-N-184669	здание больница
1040-N-115499	горбольница
1040-N-101085	больничный здание
1040-N-105852	лечебница
1040-N-101083	больница
1040-N-200190	больничка
9987-N-122502	аэробика
9987-N-164952	ритмический гимнастика
5800-N-117565	офтальмолог
5800-N-108048	окуливать
5800-N-690878	глазной врач
5800-N-136044	глазник
136642-N-197315	визажист
136642-N-197316	визажистка
145536-N-699458	жим
145536-N-699459	силовой жим
9406-N-119745	колит
9406-N-714277	воспаление толстый кишка
10067-N-191329	инфекционистка
10067-N-122549	инфекционивать
111235-N-677385	больной паранойя
111235-N-146136	параноик
7506-N-114743	энцефалит
7506-N-102018	воспаление мозг
10134-N-123628	припадок
9232-N-118427	урология
111173-N-136779	дерматология
110392-N-188705	психический неполноценность
110392-N-119950	психоз
110392-N-188708	психический невменяемость
109936-N-140601	конъюнктивит
136466-N-714145	воздержание от употребление алкоголь
136466-N-196942	неупотребление алкоголь
136466-N-196929	трезвенность
136466-N-196941	воздержание от алкоголь
136466-N-714144	алкогольный воздержание
153162-N-115814	гипсований
153162-N-747058	наложение гипсовый повязка
136967-N-122662	сексопатология
147153-N-711954	нервный анорексия
147153-N-711953	анорексия
113027-N-143498	нейрохирург
111388-N-712020	резать боль
111388-N-692196	резкий боль
111388-N-151703	резь
109961-N-152991	сколиоз
7765-N-107454	невропатолог
142786-N-699417	травматический синдром
142786-N-699416	травматический невроз
142786-N-669633	посттравматический невроз
142786-N-669634	посттравматический синдром
142786-N-683869	посттравматический расстройство
8919-N-758895	вскрытие тело
8919-N-119250	патологоанатомический исследование
8919-N-116982	патолый анатомический вскрытие
8919-N-122259	патологоанатомический экспертиза
8919-N-194795	анатомирований
8919-N-164360	вскрытие
8919-N-199283	вскрытие труп
144550-N-684934	имплантант
144550-N-730135	имплантат
109339-N-154412	стрептококк
126894-N-153972	спортивный упражнение
126894-N-119468	физический упражнение
129165-N-106331	медицинский училище
129165-N-179890	медучилище
154733-N-751079	подтяжка
116748-N-116226	лазарет
116748-N-194084	военный лазарет
116748-N-709487	войсковой лазарет
116748-N-709488	лазарет часть
116748-N-709489	лазарет воинский часть
112399-N-155134	тонзиллить
9462-N-120010	патология дыхание
9462-N-214497	респираторный заболевание
9462-N-119822	болезнь орган дыхание
109688-N-135921	геморрой
9880-N-102904	дезинфекция
9880-N-122519	дезинфицирований
9880-N-107748	обеззараживаний
9880-N-120953	санитарный дезинфекционный мероприятие
142973-N-714593	дренаж рана
142973-N-103452	дренаж
142973-N-670595	медицинский дренаж
9464-N-119823	неврология
120477-N-161990	умопомешательство
120477-N-169971	безумие
120477-N-162974	полоумий
120477-N-754003	безумье
120477-N-161989	сумасшествие
120477-N-193840	помрачение ум
120477-N-193841	помрачение рассудок
120477-N-161991	помешательство
120477-N-748349	помрачение
8975-N-117296	дерматовенерология
111745-N-136893	диетолог
111745-N-209931	диетврач
137794-N-202517	боль в голова
137794-N-202516	головной боль
154068-N-753843	парагрипп
142301-N-186054	медицинский лаборатория
142301-N-724351	медлаборатория
108134-N-157785	шок
108134-N-721406	шоковый состояние
108134-N-721408	нервный шок
108134-N-153775	состояние шок
153971-N-753189	эндопротезирований
145566-N-163905	заразность
145566-N-699804	носитель инфекция
145566-N-702099	носитель
137738-N-140316	колесо
137738-N-713608	акробатический колесо
8802-N-116593	почечный недостаточность
8802-N-119723	почечный колик
4999-N-122298	дератизационный мероприятие
4999-N-116948	дератизациоть средство
4999-N-103048	дератизация
4999-N-116949	дератизациоть работа
137714-N-713792	парамедик
609-N-179858	количество рождаться
609-N-700119	деторождаемость
609-N-110890	рождаемость
609-N-179857	число рождаться
136951-N-199195	эвтаназие
138980-N-205592	маммограф
5137-N-100006	аборт
5137-N-714427	производство аборт
5137-N-109653	искусственный прерывание беременность
5137-N-119712	прерывание беременность
137886-N-202771	герпес
4658-N-185003	социальный заболевание
4658-N-111844	социальный опасный заболевание
4658-N-111841	социальный значимый заболевание
111256-N-121272	невротический состояние
111256-N-739142	психоневроз
111256-N-107452	невроз
111256-N-118805	невротический срыв
111256-N-120096	невротический расстройство
4952-N-105943	больничный лист
4952-N-715384	лист нетрудоспособность
4952-N-134105	бюллетень
4952-N-195348	больничный листок
4952-N-101089	листок нетрудоспособность
7766-N-702251	врач отоларинголог
7766-N-702250	лора
7766-N-108302	отоларинголог
7766-N-120278	оториноларинголог
121135-N-163591	клептомания
2976-N-105730	лекарственный сырье
2976-N-113601	фармацевтический сырье
2976-N-119473	медицинский сырье
2976-N-105725	лекарственный технический сырье
9808-N-158081	эндоскопия
9808-N-121608	лапароскопия
137126-N-714224	установка катетер
137126-N-199923	введение катетер
137126-N-199922	катетеризация
144605-N-685383	летучий мышь вампир
144605-N-134155	вампир
6004-N-206091	детский паралич
6004-N-109153	лиомиелить
136995-N-196809	депрессанть
136995-N-218080	успокоительный препарат
136995-N-196894	успокаивать средство
136995-N-199382	седативный препарат
136995-N-199381	седативный средство
141542-N-213980	старческий маразм
141542-N-676759	сенильный деменция
141542-N-213979	старческий слабоумие
141542-N-676760	старческий деменция
4211-N-112034	стадион
8492-N-681125	болеутоляющий лекарство
8492-N-196568	обезболивать средство
8492-N-193651	болеутоляющее
8492-N-115418	болеутоляющий средство
8492-N-196569	обезболивать препарат
4277-N-120817	лучевой травма
4277-N-108266	острый облучение
4277-N-106042	лучевой болезнь
108181-N-134125	вазелина
7393-N-119840	артеросклероз
7393-N-124857	артериосклероз
7393-N-124858	атеросклероз
121510-N-164596	вегетарианство
115085-N-133040	аптекарь
115085-N-124355	работник аптека
115085-N-121893	аптечный работник
152995-N-745816	трансплантолог
6041-N-215714	воспаление мозговой оболочка
6041-N-106503	менингить
117261-N-120125	гипс
117261-N-207157	гипсовый повязка
132282-N-184747	электрокардиограф
4684-N-105390	корь
135771-N-732523	провал в память
135771-N-732524	провал память
135771-N-196630	потеря память
135771-N-732525	расстройство память
135771-N-196631	нарушение память
135771-N-194696	амнезия
7860-N-104790	кесарев сечение
7860-N-124960	чревосечений
8635-N-115959	акушер
7495-N-121889	аптечка
7495-N-121917	санитарный сумка
7495-N-121888	походный аптечка
7495-N-213227	аптечка первый помощь
7495-N-106275	медицинский аптечка
8187-N-138926	иглоукалывание
8187-N-167945	иглорефлексотерапия
8187-N-104081	иглотерапия
8187-N-100343	акупунктура
8514-N-115533	психотерапевт
5178-N-110635	реаниматор
5178-N-123101	реаниматолог
134757-N-191925	анатом
148281-N-145380	отжиманий
612-N-103956	здравоохранение
612-N-111525	система здравоохранение
612-N-108376	охрана здоровье
612-N-107902	общественный здравоохранение
612-N-117979	обеспечение здоровье
612-N-121851	медицинский сеть
612-N-117317	здравоохранительный мера
612-N-103900	защита здоровье
10086-N-123405	массажистка
10086-N-123402	массажист
10100-N-142469	морфий
10100-N-122600	морфин
10100-N-188062	алкалоид опий
115371-N-708341	цветочный нектар
115371-N-143509	нектар
115371-N-722857	нектар цветок
117156-N-759100	кувырка
117156-N-760997	кувырка через голова
117156-N-141091	кувырканий
4951-N-119474	медицинский документ
4951-N-106277	медицинский документация
3082-N-191031	рентген
3082-N-725508	рентген установка
3082-N-725507	рентгеноустановка
3082-N-704553	рентгеновский техника
3082-N-725504	рентгенотехник
3082-N-725506	рентгенооборудование
3082-N-704556	рентгеновский устройство
3082-N-725510	рентген аппарат
3082-N-110790	рентгеновский оборудование
3082-N-110788	рентгеновский аппарат
3082-N-725505	рентгеноаппарать
3082-N-124279	рентгеновский установка
3082-N-725501	рентгеноборудование
3082-N-725509	рентген оборудование
3082-N-712268	рентгать аппарат
3082-N-124278	рентгеновский аппаратура
3082-N-725503	рентгенустановка
3082-N-725502	рентгенаппарат
3082-N-673651	рентгеновский система
3082-N-187143	аппаратура рентгеновский
124150-N-136043	глазной болезнь
124150-N-724683	болезнь глаз
126942-N-169506	акробатика
9362-N-119477	антидотный терапия
8763-N-116426	пульмонология
8763-N-118598	фтизиопульмонология
143084-N-671701	искривление спина
143084-N-139382	искривление позвоночник
7390-N-101079	болезнь сердце
7390-N-724936	кардиологический заболевание
7390-N-707709	заболевание сердце
7390-N-709292	сердечный болезнь
7390-N-709293	сердечный заболевание
9337-N-199564	заболевание желудочно-кишечный тракт
9337-N-118923	желудочно-кишечный заболевание
9337-N-209644	заболевание орган пищеварение
9337-N-182524	болезнь орган пищеварение
9337-N-125007	желудочный заболевание
9337-N-140059	кишечный заболевание
9337-N-182151	острый живот
137125-N-199921	катетер
118044-N-725965	расстройство функция
118044-N-725966	расстройство организм
118044-N-732927	функциональный расстройство
118044-N-725964	расстройство функция орган
118044-N-741575	нарушение функция
118044-N-151419	расстройство
118044-N-725963	расстройство орган
137387-N-684731	неизлечить заболевание
137387-N-744037	неизлечить стадия
137387-N-201198	неизлечить болезнь
137387-N-684730	неизлечимость
137387-N-209686	смертельный болезнь
143752-N-677596	сок растение
9075-N-125374	наркологический служба
9075-N-117674	наркологический помощь
611-N-111652	смертность
611-N-111654	смертность население
611-N-214299	число умерший
611-N-122590	летальность
1054-N-104372	инфекционный заболевание
1054-N-101345	карантить болезнь
1054-N-124151	карантинный инфекция
1054-N-121924	эпидемиологический заболевание
1054-N-121927	эпидемический заболевание
1054-N-138380	зараза
1054-N-103858	заразный болезнь
1054-N-104374	инфекция
1054-N-120135	заразный заболевание
1054-N-104371	инфекционный болезнь
10141-N-122688	травматолог
8220-N-111165	санитарный транспорт
109505-N-134981	вошь
144269-N-681197	желтушнодать
144269-N-137579	желтух
144458-N-119688	сдача кровь
144458-N-103356	донорство кровь
149694-N-727925	упражнение мостик
149694-N-142486	мостик
2927-N-213763	медицинский показание
2927-N-164307	показание
110165-N-154736	таблетка
110165-N-147005	пилюль
110165-N-710667	таблеточка
2945-N-110199	профилакторий
9231-N-203410	страбизм
9231-N-118440	косоглазие
115462-N-196871	медицинский диагноз
115462-N-196870	диагноз болезнь
115462-N-136848	диагноз
115462-N-196869	диагноз заболевание
115462-N-707167	диагноз пациент
5905-N-112151	стоматологические заболевание
5905-N-679474	зубной заболевание
5905-N-679473	заболевание зуб
2944-N-111161	санитарный досмотр
111426-N-100974	бинт
150122-N-750131	участковый терапевт
150122-N-730587	участковый врач
2938-N-724653	снабжение лекарство
2938-N-120692	лекарственный обслуживание
2938-N-105726	лекарственный обеспечение
2938-N-213324	обеспечение лекарство
2938-N-724652	снабжение медикаменть
2938-N-724649	обеспечение медикаменть
2938-N-120918	медикаментозный обеспечение
2938-N-724656	лекарственный снабжение
2938-N-121895	лекарственный услуга
9677-N-121896	лекарственный коррекция
9677-N-121808	медикаментозный коррекция
9677-N-105722	лекарственный помощь
9677-N-724956	фармакотерапия
9677-N-120919	медикаментозный терапия
1061-N-121166	лечебный мера
1061-N-120926	медицинский вмешательство
1061-N-102035	восстановление здоровье
1061-N-123577	врачевание
1061-N-116944	лечебный мероприятие
1061-N-105865	лечебный обслуживание
1061-N-121824	лечебный дело
1061-N-122195	врачебный деятельность
1061-N-120777	лечебный работа
1061-N-105872	лечение
1061-N-105850	лечебный деятельность
1061-N-121201	врачебный наблюдение
1061-N-105893	ликвидация болезнь
1061-N-121825	лечебный воздействие
1061-N-120776	лечебный процесс
1061-N-105894	ликвидация заболевание
1061-N-105851	лечебный помощь
1061-N-117301	долечивание
128351-N-683505	прободений стенка
128351-N-176333	прободений
146388-N-112091	стафилококк
146388-N-705475	патогенный стафилококк
146388-N-705476	стафилококковый инфекция
5627-N-102017	воспаление легкий
5627-N-116546	легочный патология
5627-N-108921	пневмония
137388-N-202907	неизлечить пациент
136162-N-195619	сердечный недостаточность
8658-N-115939	наследственный патология
8658-N-115927	наследственный заболевание
8658-N-107277	наследственный генез
8658-N-116965	генетический нарушение
8658-N-118850	генетический порок
8658-N-102069	врождать заболевание
8658-N-120057	наследственный предрасположенность
8658-N-121759	медико-генетический нарушение
117617-N-104130	излечение
117617-N-196152	вылечиваний
117617-N-197570	залечивание
117617-N-203533	излечимость
110114-N-179066	шизофреничка
110114-N-157666	шизофреник
110114-N-199242	шизоид
110114-N-157665	шизик
152582-N-742885	кровоостанавливать средство
126567-N-172880	ксенофобия
9485-N-119943	пиелонефрить
110393-N-685166	психопатический расстройство
110393-N-677854	расстройство личность
110393-N-150493	психопатия
110398-N-669630	истерический невроз
110398-N-721631	истерический расстройство
110398-N-139461	истерия
110398-N-721633	конверсиоть расстройство
135957-N-195068	бег на место
9484-N-119357	инсульт
9484-N-119354	кровоизлияние в мозг
154154-N-120890	кислородный маска
133823-N-188634	перинатальный патология
133823-N-684404	перинатальный заболевание
9873-N-123581	врачебный заключение
9873-N-106315	медицинский заключение
9873-N-121930	эпикриз
110970-N-155310	трепанация
145294-N-691503	легочный болезнь
145294-N-691502	болезнь легкий
145294-N-691504	заболевание легкий
133567-N-188049	синдром укачиваний
133567-N-155867	укачивание
133567-N-188047	вестибуло вегетативный неустойчивость
133567-N-188048	нарушение вестибулярный аппарат
133567-N-188051	расстройство вестибулярный функция
133567-N-755313	укачивание в транспорт
133567-N-188046	болезнь передвижение
113098-N-151368	рассеять склероз
113098-N-691943	множественный склероз
113442-N-102605	госпиталь
113442-N-101881	военный госпиталь
136667-N-167971	психоанализ
142122-N-215751	серийный убийца
9387-N-200108	ринять
9387-N-119543	насморк
145197-N-107919	общество красный крест
145197-N-745231	красный полумесяц
145197-N-211987	комитет красный крест
145197-N-690575	красный крест и красный полумесяц
145197-N-105468	красный крест
145197-N-107920	общество красный крест и красный полумесяц
6518-N-110235	психиатрия
148099-N-716007	препарат валериан
148099-N-716008	препарат корень валериать
137318-N-200912	галлюциноген
7955-N-104456	искусственный сердце
138028-N-203161	калипсол
138028-N-203160	гидрохлорид кетамин
138028-N-203162	кеталар
138028-N-203158	кетамин
138028-N-203159	кетамин гидрохлорид
152015-N-732929	ледовый дворец
152015-N-732931	ледовый комплекс
152015-N-732930	ледовый арена
152015-N-740130	ледовый стадион
5180-N-174287	неотложка
5180-N-173535	карета скорый помощь
5180-N-106225	машина скорый помощь
5180-N-216385	автомобиль скорый помощь
5180-N-179556	скорая
3938-N-110232	психиатрический лечебный заведение
3938-N-110257	психоневрологический учреждение
3938-N-110233	психиатрический лечебный учреждение
3938-N-212063	психиатрический учреждение
118812-N-671672	прогрессирований болезнь
118812-N-149743	прогрессирований
118812-N-671673	прогрессирований заболевание
132005-N-213298	запор кишечник
132005-N-184216	задержка стул
132005-N-138325	запор
145746-N-701164	йогический упражнение
145746-N-172494	йога
145746-N-701162	физический йога
145746-N-701165	гимнастика йог
9483-N-119845	бесплодие
9483-N-159970	бесплодность
141543-N-671781	деменция
141543-N-111573	слабоумие
147980-N-715932	лекарственный средство из растительный сырье
147980-N-715931	препарат растительный происхождение
147980-N-735101	растительный препарат
147980-N-715817	фитопрепарать
147980-N-715934	лекарство растительный происхождение
147980-N-715933	лекарственный средство на основа растительный сырье
8482-N-187699	люэс
8482-N-115397	сифилис
6361-N-100345	акушерско-гинекологический помощь
6361-N-116148	гинекологический помощь
7419-N-677667	туберкулезный диспансер
7419-N-110139	противотуберкулезный диспансер
7419-N-121840	противотуберкулезный учреждение
7419-N-677666	тубдиспансер
7419-N-121841	противотуберкулезный служба
136968-N-122663	сексопатолог
9612-N-685011	искусственный вентиляция
9612-N-685010	искусственный вентиляция легкий
9612-N-120520	искусственный дыхание
134459-N-190687	рассасывание
9867-N-121765	судебный медицина
142975-N-122613	остеохондроз
121981-N-210939	паразитарный организм
121981-N-165571	паразит
8704-N-724933	кардиоревматолочь
8704-N-116190	кардиолог
8704-N-152655	сердечник
143639-N-676991	энцефалопатия
9487-N-119953	склероз
6961-N-123489	дефект зрение
6961-N-120863	снижение зрение
6961-N-107251	нарушение зрение
6961-N-115557	потеря зрение
111429-N-147340	повязка
111429-N-213662	медицинский повязка
127240-N-207799	обход больной
127240-N-207800	обход палата
127240-N-207798	врачебный обход
127240-N-167304	обход
5572-N-123145	судмедэкспертиз
5572-N-112321	судебно-медицинский экспертиза
5572-N-122338	судебно-медицинский экспертный комиссия
5572-N-119248	судебно-медицинский экспертный служба
5572-N-116794	судебно-медицинский анализ
5572-N-116876	судебно-медицинский вскрытие
5572-N-120046	судебно-медицинский исследование
5572-N-120022	судебно-медицинский освидетельствование
137435-N-104191	иммунодефицить
137435-N-118477	иммунопатология
137435-N-201290	болезнь иммунный система
127458-N-205610	ошелудиветь
127458-N-205608	шелудиветь
127458-N-205609	зашелудиветь
120996-N-719388	кровяной тромб
120996-N-163266	тромб
142805-N-669770	внутривать вливание
142805-N-669771	внутривать применение
142805-N-713773	вливание в вена
142805-N-669768	внутривать инъекция
142805-N-669772	внутривать введение
5882-N-202399	инвазиоть болезнь
5882-N-116847	паразитоз
5882-N-178768	инвазие
5882-N-108463	паразитарный болезнь
5882-N-202401	заражение паразит
5882-N-116103	паразитарный заболевание
5882-N-108464	паразитный болезнь
3432-N-108650	перевязочный средство
3432-N-108651	перевязочный материал
10054-N-118232	детский церебральный паралич
10054-N-188712	церебральный паралич
10054-N-120205	дцп
111010-N-106865	молоко
111010-N-737776	молочко
111010-N-205773	латекс
111010-N-142294	млечный сок
145082-N-719549	консервативный метод
145082-N-689872	консервативный лечение
145082-N-719551	консервативный терапия
145082-N-719550	консервативный метод лечение
145082-N-689873	нехирургический лечение
1069-N-106284	медицинский промышленность
4473-N-106307	медицинский полис
4473-N-148056	полис
4473-N-735125	полис медицинский страхование
5161-N-108074	онкология
112698-N-146180	парш
112698-N-205605	паршивость
112698-N-205611	шелудивость
897-N-179838	неблагоприятный условие труд
897-N-123572	профессиональный вредность
897-N-212321	вредный труд
897-N-123571	производственный вредность
897-N-173314	вредный производственный фактор
897-N-102062	вредный условие труд
897-N-215852	вредный условие
897-N-212320	вредный работа
897-N-159708	вредность
897-N-732482	вредность на производство
117171-N-712896	выписка рецепт
117171-N-150080	прописываний
117171-N-754204	прописываний лекарство
117171-N-712897	выписка лекарство
126862-N-714296	больничный каталка
126862-N-714297	каталка для пациент
126862-N-714299	медицинский каталка
126862-N-173496	каталка
152598-N-742964	эпидемиологический порог
152598-N-742962	эпидемический порог
152598-N-742963	эпидпорога
141061-N-212161	частный медицина
145573-N-699848	гастроэнтерять
111441-N-157800	шпагат
10025-N-121524	тахикардия
137654-N-202150	томограмм
113587-N-118989	патологический анатомия
1064-N-113991	хирургия
7105-N-112900	токсикомание
137569-N-201731	сердечный приступ
152555-N-742733	рефлексотерапия
4465-N-111137	санитарный статистика
4465-N-713107	показатель здоровье население
4465-N-179892	медстатистика
4465-N-121774	медицинский учет
4465-N-106290	медицинский статистика
4465-N-106272	медико-социальный показатель
9881-N-194941	бактерицидность
9881-N-122032	бактерицидный активность
9881-N-122031	бактерицидный действие
9881-N-122030	бактерицидный обеззараживаний
146880-N-709359	банк лечебный
146880-N-709357	медицинский банк
146880-N-709360	лечебный банк
146880-N-709358	банк медицинский
146880-N-133270	банк
9856-N-179028	экг
9856-N-139796	кардиограмма
9856-N-121687	электрокардиограмма
146866-N-709325	черный очко
146866-N-709326	темный очко
146866-N-709327	очко от солнце
146866-N-709323	солнцезащитный очко
146866-N-709324	солнечный очко
113309-N-140490	компресс
8942-N-117198	хоспис
109439-N-140858	краснуха
140373-N-741510	фенамин
140373-N-209635	амфетамин
134951-N-687880	радиология
134951-N-192326	радиационный медицина
7588-N-112019	срочный медицинский помощь
7588-N-210406	скорый неотложный помощь
7588-N-107530	неотложный медицинский помощь
7588-N-216384	скорый медицинский помощь
7588-N-120435	скорый помощь
5139-N-110886	родовспоможение
5139-N-122189	акушерский дело
5139-N-100346	акушерство
5139-N-116531	акушерский помощь
5139-N-707983	вспоможение род
5139-N-110883	родовспомогательный служба
108109-N-133708	блоха
136754-N-178866	закупорка сосуд
136754-N-197834	закупорка кровеносный сосуд
114990-N-112120	стерилизация
114990-N-148077	половой стерилизация
10206-N-709290	кардиологический учреждение
10206-N-678472	кардиоцентр
10206-N-709288	кардиологический отделение
10206-N-709287	отделение кардиология
10206-N-709289	кардиоотделений
10206-N-124027	кардиологический центр
10206-N-124026	кардиологический клиника
10206-N-709284	кардиологический больница
10206-N-709285	кардиобольница
10206-N-709286	кардиоклиник
1050-N-111127	санитарий
1050-N-102422	гигиена
109728-N-118609	сепсис
109728-N-138379	заражение кровь
7956-N-109246	порок сердце
2628-N-106328	медицинский страхование
2628-N-125196	медицинский страховка
2628-N-106329	медицинский страхование гражданин
2628-N-115663	медстрахование
2628-N-701812	медстраховка
2628-N-112180	страхование здоровье
2628-N-176009	медстр
2919-N-113595	фармацевтический промышленность
2919-N-116872	химико-фармацевтический промышленность
2919-N-689012	фармпромышленность
2919-N-113603	фарминдустрия
124977-N-206149	цирковой акробатика
124977-N-169506	акробатика
9886-N-110087	протезно-ортопедический помощь
131268-N-125373	наркологический заболевание
131268-N-182532	наркологический расстройство
131268-N-684663	наркологический зависимость
136421-N-196857	дефибриллятор
127029-N-173912	горный смола
127029-N-173911	мумие
127029-N-173913	горный масло
9528-N-104889	клиника
9528-N-206169	клиника заболевание
9528-N-120042	клинический симптом
9528-N-698855	клинический синдром
9528-N-203044	синдром
9528-N-689482	симптоматика
9528-N-167432	симптом болезнь
9528-N-698856	синдром болезнь
9528-N-152787	симптом
4852-N-210047	первый медицинский помощь
4852-N-103245	доврачебный медицинский помощь
4852-N-724955	доврачебный осмотр
4852-N-103246	доврачебный помощь
4852-N-122273	доврачебный самопомощь
116984-N-729852	дергуть боль
116984-N-729851	стрелять боль
5330-N-113696	физиотерапия
129741-N-179435	задымленность
9635-N-119645	переливание кровь
9635-N-121689	трансфузионный терапия
9635-N-121753	трансфузия
9635-N-146573	переливание
117985-N-725984	маниакальный состояние
117985-N-141890	мания
136615-N-188050	морской болезнь
5177-N-692024	интенсивный терапия
5177-N-750100	реанимация больной
5177-N-173466	реанимирование
5177-N-750098	реанимация пострадавший
5177-N-750097	реанимация пациент
5177-N-142041	медицинский реанимация
5177-N-110638	реанимация
5177-N-750096	курс интенсивный терапия
7762-N-113664	фельдшер
7762-N-156518	фельдшерица
141301-N-213272	безрецептурный продажа
141301-N-683925	отпуск без рецепт
141301-N-683927	продажа без рецепт
141301-N-213275	без рецепт
141301-N-213273	безрецептурный отпуск
3700-N-103136	дизентерия
6044-N-110643	ревматизм
6044-N-692031	ревматологический заболевание
9533-N-211916	заболевание эндокрить система
9533-N-120050	эндокрить заболевание
9533-N-182533	болезнь эндокрить система
9533-N-120052	эндокринный патология
125104-N-183645	бодибилдинг
125104-N-214392	атлетический гимнастика
125104-N-169717	атлетизм
125104-N-169715	культуризм
7761-N-117547	средний медперсонал
7761-N-111998	средний медицинский персонал
9014-N-143182	нарыв
9014-N-136121	гнойник
9014-N-117512	гнойный воспаление
9014-N-188170	гнойный инфекция
9014-N-119898	нагноение
9014-N-117523	гнойно-септический заболевание
151962-N-739999	биатлоть комплекс
116900-N-133579	бессонница
131266-N-713108	заболевание мочеполовый система
131266-N-182525	болезнь мочеполовый система
9398-N-119651	педиатр
9398-N-122835	детский врач
142949-N-670335	сердечный средство
142949-N-670333	кардиологический препарат
142949-N-670336	кардиологический средство
142949-N-670334	сердечный препарат
113640-N-158055	электрошок
113640-N-197684	электрошоковый терапия
140261-N-209360	клаустрофобие
145529-N-699408	недостаточность орган
145529-N-143464	недостаточность
145529-N-699407	функциональный недостаточность
145529-N-729788	недостаточный функция
145529-N-699406	функциональный недостаточность орган
135690-N-194521	экстракт
135690-N-760011	натуральный экстракт
135690-N-160376	вытяжка
135690-N-760010	природный экстракт
142792-N-669657	лечебный корсет
142792-N-669659	медицинский корсет
142792-N-122970	корсет
142792-N-669658	ортопедический корсет
146433-N-707330	онкогемоталогия
141952-N-714219	оборудование для больница
141952-N-215174	больничный оборудование
117522-N-742884	кровеостанавливающий жечь
117522-N-723507	кровоостанавливающий жечь
117522-N-137545	жечь
117522-N-210242	медицинский жгут
616-N-115737	недомогание
616-N-156837	хворь
616-N-106281	медицинский патология
616-N-103680	заболевание человек
616-N-107470	недуг
616-N-174280	нездоровье
616-N-737136	болячка
616-N-103678	заболевание
616-N-118922	общесоматический заболевание
616-N-120458	патология
616-N-156832	хвороб
616-N-101075	болезнь
616-N-156836	хворость
8789-N-116549	судебно-медицинский эксперт
8789-N-167736	судмедэксперт
144595-N-685292	косметический хирургия
116866-N-133776	болезнь растение
143504-N-111964	спортивный учреждение
143504-N-123137	спортивный заведение
143504-N-122182	физкультурно спортивный учреждение
9697-N-187691	возбудитель туберкулез
9697-N-120971	туберкулезный палочка
9697-N-187693	палочка кыхать
9697-N-187692	микобактерия туберкулез
126756-N-669780	воспаление мочевой пузырь
126756-N-173227	цистить
143344-N-673697	целлюлит
126667-N-173097	мант
126667-N-756488	проба мант
126667-N-182516	реакция мант
151667-N-724089	сестринский уход
151667-N-737779	уход за больной
133167-N-187071	лабораторный анализ
133167-N-187072	медицинский анализ
133167-N-187070	клинический анализ
4046-N-105856	лечебно -профилактический помощь
4046-N-118904	профилактика инфекция
4046-N-179841	профилактический осмотр
4046-N-121829	профилактический лечение
4046-N-120775	лечебть -профилактический услуга
4046-N-753406	профилактика заболевание
4046-N-753404	профилактика болезнь
4046-N-106285	медицинский профилактика
4046-N-124062	профилактический дело
4046-N-120923	профилактический мероприятие
4046-N-120773	лечебть -профилактический обслуживание
4046-N-120774	лечебть -профилактический деятельность
4046-N-105857	лечебть -профилактический работа
4046-N-117001	лечебть -профилактический мероприятие
4046-N-110195	профилактический медицина
4046-N-120771	лечебно-оздоровительный работа
4046-N-120770	лечебно-оздоровительный мероприятие
7616-N-109123	полевой изысканий
7616-N-177615	рекогносцировка
4853-N-195141	безаварийность
4853-N-100826	безаварийный эксплуатация
151654-N-737714	процедура обертываний
151654-N-198245	обертываний
151654-N-752039	обертываний тело
151654-N-737715	лечебный обертываний
136308-N-196434	гастроэнтеролог
4521-N-101283	вакцинопрофилактика
4521-N-101280	вакцинация
4521-N-179824	ревакцинация
4521-N-109737	прививка
4521-N-110196	профилактический прививка
133820-N-188639	перинатология
133820-N-684349	перинатальный медицина
110763-N-121720	скальпель
113028-N-143500	нейрохирургия
109191-N-119733	дистрофия
141529-N-213949	интерферон
126844-N-173465	реаниматология
134528-N-191015	сальмонелл
142784-N-669622	борьба с пьянство
142784-N-758893	пьянство бой
142784-N-669623	борьба с алкоголизм
123426-N-713790	фигура ласточка
123426-N-141314	ласточка
10079-N-172963	пластырь
10079-N-121769	медицинский пластырь
10079-N-122585	лейкопластырь
3373-N-123909	алкоголизация
3373-N-201197	алкогольный зависимость
3373-N-100380	алкоголизм
4780-N-720006	отравление ядовитый вещество
4780-N-702249	токсикация
4780-N-104369	интоксикация
4780-N-108315	отравление
136990-N-199356	медицинский термометр
136990-N-136329	градусник
122264-N-689970	колик
122264-N-140321	колика
4542-N-110244	психолог
110996-N-116488	солнце
110996-N-738767	солнце на турник
111070-N-144998	ортопед
152323-N-741119	массажный кабинет
152323-N-741120	кабинет массаж
110649-N-671143	больной астма
110649-N-133124	астматик
152931-N-214304	качание
152931-N-756813	качание мышца
110179-N-671145	гипертонический больной
110179-N-671144	больной гипертония
110179-N-135989	гипертоник
2046-N-762253	заражение вирус
2046-N-122047	инфекционный вирусный болезнь
2046-N-691499	инфекционный вирусный заболевание
2046-N-134544	вирусный заболевание
2046-N-195862	вирусный инфекция
2046-N-101551	вирусный болезнь
109636-N-149451	приступ
109636-N-149452	приступ болезнь
109636-N-687695	пароксизм
7782-N-684524	искусственный инсеминация
7782-N-710870	пробирочный оплодотворение
7782-N-684522	экстракорпоральный оплодотворение
7782-N-116328	трансплантация эмбрион
7782-N-684523	перенос эмбрион в полость матка
7782-N-104199	имплантация эмбрион
7782-N-115752	зачатие в пробирка
7782-N-104453	искусственный оплодотворение
7782-N-710871	оплодотворение в пробирка
4740-N-121789	диабет
4740-N-211899	сахарный болезнь
4740-N-111186	сахарный диабет
146536-N-707952	шинный повязка
146536-N-707945	наложение шина
112452-N-196504	гиповитаминоз
112452-N-195669	витаминный недостаточность
112452-N-132748	авитаминоз
46-N-106279	медицинский наука
46-N-685204	биомедицин
46-N-685207	биомедицинский наука
46-N-106262	медико-биологический наука
46-N-739269	теоретический медицина
146136-N-113815	фитосанитарный мероприятие
146136-N-704840	санитарный и фитосанитарный мера
146136-N-704841	фитосанитарный мера
9415-N-726677	воспаление почка
9415-N-121633	нефрит
7763-N-106810	младший медицинский персонал
7763-N-216562	младший медицинский работник
9725-N-124071	медицинский манипуляция
9725-N-165794	процедура
9725-N-122219	амбулаторный процедура
9725-N-121766	лечебный манипуляция
9725-N-121799	лечебный процедура
9725-N-120780	медицинский процедура
136343-N-196514	главный врач
136343-N-196515	главврач
111475-N-673698	обменный нарушение
111475-N-673699	нарушение обмен
111475-N-143175	нарушение обмен вещество
131262-N-206414	запускать болезнь
131262-N-159830	запущенность
131262-N-730483	запускать заболевание
131262-N-182513	запущенный форма заболевание
4797-N-742331	медицинский шприц
4797-N-114394	шприц
143375-N-123184	фармаколог
9402-N-119695	астма
9402-N-122415	астматический состояние
1623-N-113717	физкультура
1623-N-119961	физвоспитаний
1623-N-113713	физический воспитание
1623-N-123407	физкультурный работа
1623-N-113700	физический культура
9608-N-182521	полный потеря зрение
9608-N-119954	слепота
6362-N-100389	аллерген
112793-N-124426	аутогать тренировка
112793-N-124427	аутотренингать
151334-N-116183	инсулин
151334-N-744019	сахароснижать препарат
151334-N-735837	инсулиновый препарат
110356-N-143431	невралгия
127152-N-203289	непроходимость
127152-N-174312	непроходимость кишечник
127152-N-750318	кишечный непроходимость
2982-N-106330	медицинский учебный заведение
9655-N-120679	бронхиальный астма
10145-N-122691	уролог
136955-N-199215	борьба с курение
9855-N-121690	электрокардиографический исследование
9855-N-121654	электрокадиография
109284-N-155276	трахеить
137007-N-714624	врач общий практика
137007-N-199454	домашний врач
137007-N-199460	семейный доктор
137007-N-173310	семейный врач
137007-N-199459	домашний доктор
147993-N-715830	лекарственный сбор
147993-N-123422	сбор
147993-N-715831	сбор лекарственный растение
10106-N-179044	знахарка
10106-N-122999	народный целитель
10106-N-199660	травник
10106-N-179043	знахарь
4920-N-100415	амбулаторно поликлинический учреждение
4920-N-120218	амбулаторно поликлинический объединение
4920-N-122454	амбулаторный учреждение
7513-N-104193	иммунология
135768-N-726166	навязчивый страх
135768-N-194693	фобие
10209-N-677334	гинекологический заболевание
10209-N-122313	гинекологический патология
154985-N-204541	субстанция
154985-N-213077	фармацевтический субстанция
154985-N-761736	химический субстанция
9698-N-121126	ингаляционный воздействие
9698-N-121132	ингаляция
149780-N-182536	радиолог
110238-N-720071	простревать поясница
110238-N-150274	прострел
126124-N-171850	кастрация
126124-N-196364	выхолащивание
126124-N-171853	оскоплений
4953-N-106289	медицинский справка
4953-N-113665	фельдшерский справка
4953-N-707498	медсправка
4953-N-121806	врачебный справка
139084-N-119664	выкидыш
4845-N-132880	алкоголичка
4845-N-758342	забулдыга
4845-N-685189	пропойца
4845-N-169280	алкаш
4845-N-194769	алконавть
4845-N-191153	пьянчужка
4845-N-176854	пьянчуга
4845-N-715079	больной алкоголизм
4845-N-110309	пьяница
4845-N-191152	алкашка
4845-N-715163	лицо с алкогольный зависимость
4845-N-100381	алкоголик
5263-N-683710	детский медицина
5263-N-108596	педиатрия
9905-N-155223	траволечений
9905-N-122696	фитотерапия
5742-N-106005	логопед
123981-N-158217	язва
123981-N-707477	язвочка
1037-N-106295	медицинский часть
1037-N-124067	центр медицина
1037-N-115718	учреждение медицинский помощь
1037-N-123338	санитарный часть
1037-N-200039	медчасть
1037-N-124074	медцентр
1037-N-119631	медучреждение
1037-N-201996	медслужба
1037-N-106341	медсанчасть
1037-N-116398	медсанслужба
1037-N-106332	медицинский учреждение
1037-N-106323	медицинский объединение
1037-N-106314	медицинский центр
1037-N-117094	медицинский орган
1037-N-106288	медицинский служба
1037-N-106280	медицинский организация
1037-N-106269	санитарный учреждение
1037-N-106268	санитарный часть
1037-N-106267	санитарный служба
1037-N-122788	больнично -поликлинический комплекс
1037-N-687541	санчасть
142000-N-215404	лечение минеральный вода
142000-N-215403	бальнеотерапия
142000-N-118426	бальнеолечение
123979-N-167621	гипотония
129926-N-123171	трансплантология
110633-N-709493	стригущий лишать
110633-N-141582	лишать
116741-N-748552	распространение зараза
116741-N-138378	заражение
152599-N-742975	физиопроцедура
152599-N-122437	физиотерапевтический процедура
132280-N-184744	противовоспалительный средство
132280-N-184743	противовоспалительный препарат
132280-N-688505	противовоспалительный лекарственный средство
132280-N-688506	противовоспалительный лекарство
8036-N-191211	вирусоносительница
8036-N-101555	вирусоноситель
8036-N-699806	носитель вирус
4439-N-176492	противопоказание
4439-N-106326	медицинский противопоказание
4439-N-176493	противопоказанность
5417-N-119942	пациентка
5417-N-108579	пациент
131787-N-183677	инфантилизм
131787-N-183678	инфантильность
113571-N-134695	водолечение
113571-N-167906	гидротерапия
126852-N-173481	контактный линза
126852-N-173480	интраокулярный линза
150722-N-733260	тонометр
126891-N-106302	медицинский инструмент
126891-N-106303	медицинский инструментарий
126891-N-124065	мединструменть
126891-N-187124	инструмент медицинский
143648-N-677159	иммуноглобулин
113194-N-698323	поливитаминный препарат
113194-N-698324	мультивитамин
113194-N-698326	мультивитаминный препарат
113194-N-120227	поливитамина
114863-N-132794	аденоид
4391-N-165384	раковый образование
4391-N-115388	раковый опухоль
4391-N-720090	недоброкачественный образование
4391-N-720089	недоброкачествать опухоль
4391-N-115278	злокачественный образование
4391-N-104030	злокачествать новообразование
4391-N-104029	злокачествать опухоль
4391-N-690810	раковый новообразование
136064-N-195308	рвота
136064-N-195311	блевот
136064-N-722161	сташнивать
136064-N-195309	блевать
136064-N-195310	блевание
136064-N-726090	рвотный акт
113149-N-136204	гомеопать
2065-N-110146	противоэпидемический работа
2065-N-110147	противоэпидемический мероприятие
2065-N-114745	эпидемиологический деятельность
2065-N-110150	противоэпидемический режим
109345-N-142221	микстура
5961-N-100436	анестезиология
5961-N-118735	анестетика
135700-N-194545	эликсир
145230-N-165072	онкологический центр
145230-N-165073	онкоцентр
145230-N-165071	онкологический учреждение
145295-N-691506	заболевание дыхательный путь
145295-N-691505	болезнь дыхательный путь
135848-N-741562	деформируть артроз
135848-N-741561	остеоартроз
135848-N-194856	артроз
10192-N-120977	простатит
10192-N-196586	воспаление предстательный железа
10192-N-688401	воспаление простат
144943-N-688627	воспаление вена
144943-N-688611	флебивать
10212-N-124070	медицинский бальзам
10212-N-194957	бальзам
143873-N-711693	стадия развитие болезнь
143873-N-678983	развитие болезнь
143873-N-679047	стадия болезнь
136610-N-197242	диуретический препарат
136610-N-197243	диуретический средство
136610-N-197238	мочегонный средство
136610-N-197239	мочегонный препарат
136610-N-216707	мочегонный чай
136610-N-197240	диуретик
1044-N-106312	медицинский сотрудник
1044-N-115008	медицинский специалист
1044-N-191401	медичка
1044-N-115500	медперсонал
1044-N-106339	медработник
1044-N-110325	работник здравоохранение
1044-N-106297	медицинский кадр
1044-N-121773	медицинский специальность
1044-N-106260	медик
1044-N-116523	работник лечебный учреждение
1044-N-106311	медицинский работник
1044-N-106306	медицинский персонал
131269-N-117660	лаборант
120869-N-742114	сумасшедший человек
120869-N-737361	безумец
120869-N-176571	псих
140400-N-209688	уход за неизлечимый больной
140400-N-209689	уход за умирать
140400-N-209690	лечение обреченный больной
128655-N-719465	физический разминка
128655-N-177033	разминка
110163-N-680441	фармацевтический форма
110163-N-118140	лекарственный форма
110163-N-122586	лекформа
111721-N-147011	пинцет
113639-N-158051	электротерапия
113639-N-158048	электролечений
113639-N-197640	лечение электричество
136665-N-204441	проба на допинг
136665-N-199802	антидопинговый контроль
136665-N-199803	борьба с допинг
136665-N-208568	запрет допинг
136665-N-199804	запрещение допинг
136665-N-197378	контроль на допинг
136665-N-208566	проверка на допинг
125387-N-744516	бородавка на кожа
125387-N-170220	бородавка
5264-N-108355	офтальмология
3338-N-104883	клещевой энцефалит
3338-N-168313	таежный энцефалит
110367-N-196872	диарея
110367-N-736569	жидкий стул
110367-N-148244	понос
110367-N-722697	расстройство стул
7392-N-113141	тромбофлебит
124978-N-169508	аллерголог
113059-N-149892	прокаженный
113059-N-671695	больной проказа
113059-N-149893	прокажать
142331-N-669652	фитнесс
142331-N-216442	фитнес
142331-N-674099	занятие фитнес
117396-N-748989	болезненный бред
117396-N-133889	бред
112670-N-134394	ветряной оспа
112670-N-168507	ветрянка
1070-N-100444	антибиотик
3534-N-122224	неинфекциоть болезнь
3534-N-107500	неинфекциоть заболевание
8491-N-115415	онколочь
114938-N-153418	снохождений
114938-N-141726	лунатизй
114938-N-153641	сомнамбулизм
9683-N-120975	синусить
9029-N-117566	физиотерапевть
8174-N-165215	фармфабрика
8174-N-700827	химфармкомбинать
8174-N-167673	фармацевтический завод
8174-N-700823	фармзавод
8174-N-113600	фармацевтический предприятие
8174-N-700337	фармпредприятий
8174-N-687616	химфармзавод
124613-N-189827	мышечный некроз
124613-N-187794	отмирание
124613-N-168847	омертвение
124613-N-189826	некроз ткань
124613-N-189825	некроз
110150-N-142209	мигрень
4934-N-106338	медпункт
4934-N-106310	медицинский пункт
4934-N-122542	здравпункть
1046-N-113987	хирург
133318-N-187499	одышка
113532-N-704540	рентгеновский изображение
113532-N-151740	рентгенограмма
113532-N-197659	рентгеновский снимок
132805-N-199196	слабительный средство
132805-N-186077	слабительное
132805-N-186078	лаксатив
140909-N-211764	атипичный пневмония
140909-N-155186	торс
9554-N-122617	оториноларингология
9554-N-120277	отоларингология
4779-N-104076	зубопротезный помощь
4779-N-122308	зуботехнический работа
4779-N-215883	вставлений зуб
4779-N-104074	зубной протезирование
4779-N-215882	вставка зуб
4779-N-104075	зубопротезирований
4779-N-705429	протезирование зуб
114870-N-150283	простукиваний
114870-N-196330	выстукиваний
114870-N-744711	перкуссия
4392-N-108141	опухоль
4392-N-188632	новообразование
2977-N-106320	медицинский оборудование
2977-N-116984	лечебть -диагностический аппаратура
2977-N-105864	лечебный оборудование
2977-N-124059	медаппаратура
2977-N-119472	медицинский аппаратура
2977-N-106292	медицинский техника
2977-N-106299	медицинский аппарат
2977-N-106309	медицинский прибор
2977-N-192353	электромедоборудований
2977-N-123244	электромедицинский аппаратура
2977-N-106343	медтехник
2977-N-116266	медоборудование
2977-N-121849	медицинский электроприбор
2977-N-106317	медицинский имущество
9132-N-218078	нейролептический препарат
9132-N-205818	нейролептик
9132-N-218081	бензодиазепин
9132-N-117880	транквилизатор
142357-N-136761	депрессия
142357-N-181600	депрессивность
142357-N-216601	депрессивный расстройство
142357-N-181598	депрессивный состояние
142357-N-719530	нервный депрессия
1056-N-111920	спид
1056-N-104190	иммунодефицить человек
1056-N-712038	вич спид
1056-N-101566	вич-инфекция
1056-N-117578	синдром приобретать иммунодефицить
8754-N-116393	патологоанатом
8754-N-191926	прозекторш
8754-N-149849	прозектор
138380-N-204442	запрещать препарат
144594-N-685290	косметический операция
115056-N-143263	настойка
110237-N-720070	чувство боль
110237-N-122787	физический боль
110237-N-729477	болезненный ощущение
110237-N-133796	боль
110237-N-720073	ощущение боль
110237-N-720069	болевой ощущение
110237-N-123143	физический страдание
112048-N-139216	иммунолог
5659-N-165214	фармпроизводство
5659-N-113602	фармация
5659-N-110001	производство лекарство
5659-N-715111	аптечный работа
5659-N-115290	производство медикаменть
5659-N-102144	выпуск лекарство
5659-N-217822	выпуск медикаменть
5659-N-122464	галенофармацевтический производство
5659-N-104110	изготовление лекарство
5659-N-113591	фармацевтика
5659-N-113592	фармацевтический деятельность
9489-N-119940	панкреатит
9489-N-679757	воспаление поджелудочный железа
142320-N-216411	шейпинг
1068-N-120928	медицинский товар
1068-N-106283	медицинский продукция
1068-N-715109	товар медицинский назначение
1068-N-106316	медицинский изделие
1068-N-121178	лечебный продукция
1068-N-104127	изделие медицинский назначение
1068-N-106327	медицинский средство
1068-N-109928	продукция медицинский назначение
1068-N-124073	медтовар
110141-N-157186	чага
110141-N-181465	березовый гриб
8093-N-186254	болезнь система кровь
8093-N-186637	болезнь кровеносный система
8093-N-211913	заболевание кровь
8093-N-182522	болезнь кроветворный орган
8093-N-101077	болезнь кровь
8804-N-116629	простуда
8804-N-116327	простудный заболевание
9023-N-117556	малярия
9023-N-118905	малярийный инфекция
126892-N-118863	хирургический инструментарий
126892-N-215171	хирургический инструмент
116796-N-155661	угар
134833-N-205185	преподавательница физкультура
134833-N-192108	физрук
134833-N-181870	физкультурница
134833-N-116856	физкультурник
134833-N-192107	учитель физкультура
134833-N-202226	преподаватель физкультура
3796-N-108260	особый условие труд
141121-N-179837	опасный условие труд
141121-N-683996	опасный для здоровье условие труд
141121-N-683999	опасный производственный условие
141121-N-683998	опасный производственный фактор
141121-N-683997	работа в опасный условие
4724-N-110198	профилактический препарат
4724-N-110197	профилактический средство
1052-N-111127	санитарий
1052-N-111133	санитарный обработка
1052-N-111135	санитарный очистка
1052-N-102422	гигиена
1052-N-685213	санобработка
4032-N-101279	вакцина
4032-N-101282	вакцинный препарат
145220-N-690769	хирургический оборудование
145220-N-690771	оборудование для хирургия
145220-N-690770	операционный оборудование
109296-N-129126	катар
129164-N-124072	медицинский академия
129164-N-178190	медицинский институт
129164-N-124058	медакадемия
129164-N-673791	медвуз
129164-N-124064	мединститут
129164-N-106300	медицинский вуз
129164-N-719428	высший медицинский школа
129164-N-178191	медуниверситать
129164-N-178192	медицинский университет
125067-N-169647	аритмия
125067-N-744292	сердечный аритмия
125067-N-746531	перебой в ритм сердце
125067-N-746533	перебой в работа сердце
125067-N-744293	нарушение сердечный ритм
111547-N-140764	косметолог
126904-N-173576	гидромассаж
131263-N-182528	болезнь передавать половой путь
131263-N-182515	заболевание передаваемый половой путь
3869-N-104675	карантин
3869-N-743355	изоляция больной
3869-N-124156	карантинирований
3869-N-104678	карантинный мероприятие
3869-N-119005	карантить мера
3869-N-117492	карантинный режим
8159-N-102511	гомеопатия
8159-N-723986	гомеопатический лечение
8159-N-196582	гомеотерапия
1067-N-702371	лечебно -профилактический продукт
1067-N-105723	лекарственный продукция
1067-N-120691	лекарственный вещество
1067-N-105729	лекарственный средство
1067-N-118698	химико-фармацевтический продукция
1067-N-736924	фармпрепарать
1067-N-113598	фармацевтический продукт
1067-N-113597	фармацевтический препарат
1067-N-113594	фармацевтический продукция
1067-N-113587	фармакологический средство
1067-N-112748	терапевтический препарат
1067-N-702372	средство для лечение
1067-N-192826	снадобье
1067-N-185130	препарат для лечение
1067-N-119323	препарат
1067-N-106337	медпрепарать
1067-N-106308	медицинский препарат
1067-N-115920	медикаментозный средство
1067-N-106261	медикаменть
1067-N-105871	лечебный препарат
1067-N-105732	лекарственный препарат
1067-N-105858	лечебть -профилактический препарат
1067-N-122225	лечебть -диагностический препарат
1067-N-105733	лекарство
1067-N-702370	лекарственный продукт
7614-N-110316	работа в полевой условие
7614-N-109124	полевой работа
6514-N-105867	лечебный средство
6514-N-106327	медицинский средство
2033-N-110194	профзаболеваний
2033-N-116827	профессиональный патология
2033-N-110207	профпатологие
2033-N-194811	профессиональный болезнь
2033-N-110175	профессиональный заболевание
9908-N-122704	фтизиатр
123976-N-167614	токсиколог
3214-N-112140	столбняк
141541-N-213978	болезнь альцгеймирать
141541-N-213981	синдром альцгеймирать
146772-N-708905	ремиссия болезнь
146772-N-708906	ремиссия
136503-N-179025	история болезнь
136503-N-214583	больничный карта
4325-N-685086	отравление пищевой продукт
4325-N-685085	отравление пища
4325-N-685087	отравление продукт питание
4325-N-745294	пищевой токсикоинфекция
4325-N-108819	пищевой отравление
4325-N-745293	токсикоинфекция
8188-N-104198	имплантация
8642-N-116058	гематология
110995-N-135988	гимнастический упражнение
135455-N-193480	удушье
135455-N-194903	асфиксия
131925-N-196443	кодирование
131925-N-723431	кодирование от зависимость
131925-N-723432	кодирование зависимость
131925-N-742470	медицинский кодирование
126845-N-173467	грелка
5758-N-710924	медсестричка
5758-N-216988	сестричка
5758-N-106287	медицинский сестра
5758-N-152703	сестра милосердие
5758-N-106342	медсестра
124412-N-168462	метастаз
109860-N-154702	сыпь
148108-N-716019	препарат корень растение
148108-N-716018	препарат из корень растение
142126-N-712763	фаза обострение
142126-N-174502	обострение
142126-N-712762	стадия обострение
142126-N-215773	обострение болезнь
146537-N-123229	шина
146537-N-707947	медицинский шина
9260-N-690732	ожоговый отделение
9260-N-118725	ожоговый центр
8584-N-115837	эпидемиолог
109068-N-100392	аллергия
109068-N-122413	аллергологический реакция
109068-N-120651	аллергический заболевание
109068-N-122318	аллергический состояние
109068-N-100390	аллергический реакция
151774-N-738599	лежачий больной
898-N-108398	охрана труд
3102-N-112848	тиф
145920-N-702507	экстракциоть препарат
145920-N-122312	галеновый препарат
2917-N-103187	диспансер
111317-N-192430	вурдалак
111317-N-156118	упырь
111317-N-134155	вампир
146028-N-703222	природный бальзам
146028-N-194957	бальзам
9804-N-121602	капельница
129712-N-179372	варикоз
129712-N-179371	варикозный расширение вена
129712-N-179373	варикоз вена
7528-N-111095	сальмонеллез
152761-N-744080	ржавчина растение
152761-N-151809	ржавчина
142120-N-215750	процедурный кабинет
124454-N-135700	высыпаний
124454-N-741807	появление сыпать
9030-N-704551	радиотерапевть
9030-N-117573	рентгенолог
4846-N-205079	больная
4846-N-101091	больной человек
4846-N-116833	больной гражданин
4846-N-181881	заболевать
9027-N-117560	оборудование для уход за больной
9027-N-173468	предмет уход за больной
4653-N-110228	психиатрический больница
4653-N-193727	дурдом
4653-N-110231	психиатрический стационар
4653-N-689263	клиника для душевнобольной
4653-N-699972	психлечебница
4653-N-167968	психбольница
4653-N-121821	психиатрический лечебница
4653-N-196727	сумасшедший дом
4653-N-689262	психиатрический клиника
4653-N-193917	психушка
4653-N-689264	больница для душевнобольной
5106-N-106679	минздравмедпром
5106-N-106678	минздрава
5106-N-106694	министерство здравоохранение
121136-N-163593	клептоманка
121136-N-163592	клептомывать
5732-N-108547	пастеризация
8509-N-119867	ишемия
8509-N-753541	ишемический болезнь сердце
8509-N-115496	ишемический болезнь
113278-N-112093	стационарный лечебный учреждение
113278-N-121771	медицинский стационар
113278-N-112092	стационар
113278-N-715103	стационарный учреждение
5573-N-112325	судебный -психиатрический экспертиза
9473-N-123597	анестезирований
9473-N-681010	анестезируть действие
9473-N-100437	анестезия
9228-N-118429	гастроэнтерология
1038-N-105854	лечебно-оздоровительный объединение
1038-N-105868	лечебный учреждение
1038-N-105863	лечебный заведение
1038-N-721389	лечебный комплекс
1038-N-105855	лечебно-оздоровительный учреждение
7421-N-122258	психиатрический диспансер
7421-N-119949	психдиспансер
7421-N-122892	психо-неврологический диспансер
7421-N-110254	психоневрологический диспансер
7421-N-165266	психодиспансер
109334-N-150452	прыщ
109334-N-707697	прыщик
133856-N-188711	речевой нарушение
133856-N-182520	дефект речь
133856-N-188702	нарушение речь
133856-N-741559	расстройство речь
133856-N-741560	речевой расстройство
5076-N-208117	анатомический театр
5076-N-205959	покойницкая
5076-N-106927	морг
117705-N-725635	иммунитет к болезнь
117705-N-725636	невосприимчивость к болезнь
117705-N-118822	иммунитет
117705-N-725634	иммунитет к инфекция
124145-N-116539	акушерка
124145-N-205765	повивальный бабка
10056-N-122526	диетология
10056-N-136892	диетика
132283-N-184748	электрокардиостимулятор
132283-N-192995	кардиостимулятор
5804-N-104689	кардиология
5804-N-724934	кардиоревматология
9919-N-122721	эндокринолог
9400-N-119852	миопия
9400-N-214399	минусовый зрение
9400-N-119679	близорукость
8216-N-107202	наркоз
8216-N-119899	общий анестезия
138379-N-204439	стимулировать препарат
138379-N-192993	стимулятор
138379-N-204443	стимулировать средство
138379-N-732443	стимулировать вещество
118095-N-734842	заживлений рана
118095-N-748666	заживлений
147007-N-711039	телемедицин
3964-N-101813	военно-медицинский служба
3964-N-101814	военно-медицинский учреждение
3964-N-116988	военно-медицинский часть
3964-N-194086	военный лечебный заведение
3964-N-194087	военный лечебный учреждение
3964-N-101812	военно-лечебный учреждение
4690-N-108212	ординатура
4690-N-678388	клинический ординатура
128319-N-742970	лечебный прогреваний
128319-N-742972	лечение прогреваний
128319-N-742971	прогреваний больной
128319-N-176231	припарка
128319-N-742973	прогреваний больной место
153474-N-749036	аневризма
131991-N-735883	костыль для передвижение
131991-N-184194	костыль
131991-N-735882	костыль для ходьба
131991-N-709306	инвалидный костыль
133077-N-186709	обморок
133077-N-186711	обморочный состояние
8883-N-202275	лечение зуб
8883-N-116919	стоматологические помощь
8883-N-210407	зубоврачебный дело
8883-N-679464	лечение заболевание полость рот
136609-N-707865	дисфункция орган
136609-N-197231	дисфункция
136609-N-197233	нарушение функция
136758-N-698149	полевой военный госпиталь
136758-N-197871	полевой госпиталь
136758-N-698150	военно-полевой госпиталь
143475-N-121692	спортбаз
143475-N-111966	спорткомплекс
143475-N-102869	дворец спорт
143475-N-111961	спортивный комплекс
143475-N-121694	спортгородка
143475-N-674180	спортцентр
143475-N-111940	спортивный база
143475-N-111965	спортивный центр
9774-N-121072	москит
126870-N-199333	конд
126870-N-122638	презерватив
109990-N-136470	грудной жаба
109990-N-115497	стенокардия
9407-N-119686	гипертонический болезнь
9407-N-167620	артериальный гипертензия
9407-N-122281	гипертонический криз
9407-N-119856	гипертония
110468-N-146138	паранойя
110468-N-217332	параноидальный психоз
8094-N-106114	малокровие
8094-N-100435	анемия
115124-N-155376	тромбоз
132235-N-141818	мазь
132235-N-184689	лекарственный мазь
3124-N-106656	микрохирургия
7970-N-114709	эндокринология
3729-N-102286	гангрена
3729-N-747426	омертвение конечность
124017-N-167689	гельминть
124017-N-136060	гливать
124017-N-136061	глист
136318-N-187249	гемодиализ
136318-N-196875	диализ
136318-N-723375	почечный гемодиализ
136318-N-196876	диализ почка
136318-N-196878	почечный диализ
127631-N-175419	тошнота
127631-N-198860	подташниваний
126089-N-204440	запрещать стимулировать препарат
126089-N-171740	допинг
126089-N-723370	допинговый средство
151375-N-736018	служба скорый помощь
151375-N-736017	служба скорый медицинский помощь
150035-N-730046	свиной грипп
7617-N-103355	донорство
7617-N-122056	донорский помощь
129545-N-179041	шаман
129545-N-191851	шаманка
129934-N-184097	сеть аптека
129934-N-122760	аптечный система
129934-N-121894	аптечный сеть
129934-N-121891	аптечный служба
129739-N-179433	спервать воздух
129739-N-185995	спертость
129739-N-179431	духота
5423-N-104690	кариосить
113534-N-151743	рентгенология
10105-N-121264	наркология
132708-N-106976	мост
132708-N-210043	искусственный челюсть
132708-N-157255	челюсть
132708-N-210042	вставной челюсть
132708-N-185823	зубной мост
3464-N-108262	оспа
9861-N-121656	томография
9861-N-217690	томографический исследование
9861-N-217691	томографический сканирование
7784-N-107217	народный медицина
7784-N-114151	целительство
7784-N-722333	лечение народный средство
9478-N-119896	миом
6259-N-105720	лейкозать
6259-N-111164	миеломный болезнь
6259-N-110529	рак кровь
6259-N-100899	белокровие
6259-N-105719	лейкемия
9493-N-119963	холецистит
115333-N-182529	алкогольный психоз
115333-N-133462	белый горячка
111428-N-146384	перевязывание
111428-N-752058	перевязка рана
111428-N-146383	перевязка
111428-N-683979	наложение повязка
9821-N-121223	постельный режим
129939-N-677353	ацетилсалициловый кислота
129939-N-124869	аспирин
2947-N-713109	показатель заболеваемость
2947-N-103677	заболеваемость
140335-N-155414	трусец
140335-N-209530	бег трусец
152067-N-740314	упражнение с предмет
119526-N-712018	колющий боль
119526-N-183945	колотье
146293-N-704778	болезнетворный организм
146293-N-705250	возбудитель инфекция
146293-N-101907	возбудитель инфекционный болезнь
146293-N-138380	зараза
146293-N-121018	патогенный микроорганизм
146293-N-104374	инфекция
146293-N-121019	болезнетворный микроорганизм
114192-N-152408	свеча
114192-N-670503	лекарственный свеча
114192-N-152412	свечка
114192-N-670504	суппозиторий
138978-N-205588	маммография
7103-N-110229	психиатрический помощь
9786-N-121431	анестезиолог
8510-N-115503	гонорея
8510-N-155361	триппер
9189-N-150348	противоядие
9189-N-118326	антидотный средство
9189-N-118314	антидот
112579-N-119738	инфаркт
126321-N-167941	изжога
111546-N-122577	косметология
144724-N-137250	драже
109331-N-158000	экзема
109331-N-709494	мокнуть лишать
8861-N-690817	онкологический отделение
8861-N-165069	онкодиспансирать
8861-N-690815	онкологический больница
8861-N-690816	онкологический клиника
8861-N-165073	онкоцентр
8861-N-116832	онкологический диспансер
136976-N-199302	плацебо
136668-N-167972	психоаналитик
138079-N-697868	фейслифтинг
138079-N-203255	подтяжка лицо
9649-N-120664	меланом
9649-N-120663	рак кожа
4954-N-710983	грязь для лечение
4954-N-102830	грязь
4954-N-105849	лечебный грязь
4359-N-136954	дифтерять
4359-N-103214	дифтерия
115471-N-139731	капсул
115471-N-744181	лекарственный капсул
115471-N-144036	облатка
115471-N-215846	желатиновый капсул
4230-N-122527	диетпитаний
4230-N-103128	диетический питание
4230-N-103125	диета
4230-N-105859	лечебть -профилактический питание
117639-N-681124	болеутоляющий действие
117639-N-681123	болеутоление
117639-N-681008	обезболивать действие
117639-N-107744	обезболиваний
124585-N-168801	сексолог
143085-N-671698	кифоз
4759-N-122233	дезинсекциоть работа
4759-N-102899	дезинсекция
1062-N-106266	медико-санитарный помощь
1062-N-187069	услуга здравоохранение
1062-N-121767	медицинский мера
1062-N-102049	врачебный помощь
1062-N-106313	медицинский уход
1062-N-120924	медико-оздоровительный услуга
1062-N-106318	медицинский наблюдение
1062-N-204004	медицинский обеспечение
1062-N-106282	медицинский помощь
1062-N-106322	медицинский обслуживание
1062-N-106276	медицинский деятельность
1062-N-106336	медобслуживание
1062-N-120929	медпомощь
1062-N-179891	медуслуга
1062-N-106294	медицинский услуга
109333-N-113343	угорь
113873-N-147109	пластический операция
113873-N-162348	пластик
135821-N-196567	анальгетический препарат
135821-N-194796	анальгетик
141530-N-213950	парацетамол
147740-N-715112	парафармацевтика
5648-N-102470	гимнастика
136420-N-196856	дефибрилляция
122222-N-166054	кровосос
136228-N-195859	инфекционный и паразитарный болезнь
132245-N-184708	маньяк
132245-N-191394	маньячка
138981-N-205601	маммология
135277-N-193131	работник физический культура
135277-N-691700	работник физический культура и спорт
135277-N-691701	работник физкультура и спорт
148386-N-720121	чувство тяжесть
148386-N-720123	болезненный тяжесть
148386-N-155560	тяжесть
148386-N-720120	ощущение тяжесть
4941-N-103555	женский консультация
114939-N-191390	лунатичка
114939-N-141727	лунатик
114939-N-153640	сомнамбула
111184-N-133030	аппендицит
109812-N-195400	воспаление брюшина
109812-N-146855	перитонить
113479-N-122705	фтизиатрия
136417-N-196825	дерматит
136417-N-196826	воспаление кожа
9131-N-672099	снотворный средство
9131-N-672100	лекарство от бессонница
9131-N-672101	снотворный препарат
8441-N-115248	гинекология
115427-N-123029	ординатор
9454-N-119816	болезнь почка
9454-N-123977	почечный синдром
146508-N-116956	витаминный препарат
146508-N-101559	витамин
146508-N-707805	витаминный комплекс
4030-N-102401	гепатит
4030-N-137579	желтух
148622-N-721401	кислородный терапия
148622-N-721402	оксигенотерапия
148622-N-721400	кислородотерапия
132281-N-184746	дисбактериоз
1071-N-113588	фармакология
1071-N-113593	фармацевтический наука
129698-N-729786	лечебный ванна
129698-N-134161	ванна
9451-N-123946	анамнестический сведение
9451-N-119707	анамнез
9451-N-121768	медицинский анамнез
147471-N-670477	врождать порок развитие
147471-N-123569	врождать порок
146261-N-705107	кишечный палочка
146261-N-705106	патогенный кишечный палочка
120914-N-195347	подкладный судно
120914-N-112354	судно
131850-N-104533	йод
131850-N-183795	йодный раствор
131850-N-214464	раствор йод
126344-N-120630	инкубационный период
126344-N-172429	инкубация
153577-N-164018	полосканий
9872-N-119186	медицинский карта
9872-N-700757	медкарт
9872-N-715402	обменный карта
131853-N-183799	йодирований
125928-N-171413	горб
125928-N-727126	горб на спина
141111-N-212296	наркологический больной
141111-N-212295	лицо с наркологический расстройство
141111-N-212297	наркологический пациент
4949-N-115575	медвытрезвитель
4949-N-102185	вытрезвитель
4949-N-106301	медицинский вытрезвитель
112450-N-121954	абсцесс
129699-N-678980	грязелечение
129699-N-179355	грязевой процедура
129699-N-678981	грязетерапия
129699-N-179356	грязевой ванна
8406-N-118722	ранить лицо
1066-N-112746	терапевт
129896-N-121989	автоклавирований
5389-N-209220	лечение в больница
5389-N-102606	госпитальный лечение
5389-N-112094	стационарный лечение
5389-N-101086	больничный обслуживание
5389-N-209221	больничный лечение
5389-N-122097	стационарный медицинский обслуживание
5389-N-727305	лечение в стационар
145273-N-691288	пластический хирург
3081-N-151785	рецепт
3081-N-203932	рецепт на лекарство
3081-N-110842	рецепт врач
3081-N-173470	медицинский рецепт
10123-N-123051	пластический хирургия
141663-N-214343	медкомиссия
141663-N-214342	медицинский комиссия
1065-N-719552	терапевтический метод
1065-N-122314	терапевтический коррекция
1065-N-184846	терапевтический курс
1065-N-119476	восстановительный терапия
1065-N-112749	терапия
7474-N-120690	лекарственный растительный сырье
7474-N-105728	лекарственный растительный сырье
7474-N-715971	лекарственный сырье растительный происхождение
10055-N-122786	детский болезнь
10055-N-208419	детский заболевание
4570-N-112901	токсин
4570-N-715353	биотоксин
132794-N-186053	лаборант медицинский учреждение
124410-N-168460	интернатура
3471-N-108417	медицинский оптика
123681-N-167059	паллиативный медицина
7505-N-676992	поражение мозг
7505-N-676993	болезнь головной мозг
7505-N-101078	болезнь мозг
114693-N-153862	спазма
114693-N-153861	спазм
114693-N-140503	конвульсия
114693-N-123458	судорога
4803-N-111142	санитарный карантить контроль
4803-N-123966	карантить инспекция
4803-N-124099	санитарный карантинный мероприятие
4803-N-119006	карантить формальность
4803-N-104682	карантить досмотр
4803-N-118112	карантить проверка
4803-N-104683	карантить контроль
4803-N-123970	карантить надзор
116865-N-133259	бандаж
116865-N-699897	медицинский бандаж
116865-N-688633	бандажный изделие
116865-N-688635	лечебно-бандажный изделие
4449-N-110884	родовспомогательный учреждение
4449-N-110877	родильный дом
4449-N-110875	роддом
4449-N-120211	акушерский пункт
4449-N-115614	учреждение родовспоможений
146201-N-704953	санитарный эпидемиологический мероприятие
2937-N-715956	лекарственный вид растение
2937-N-105727	лекарственный растение
2937-N-715955	лекарственный флора
4218-N-108226	ортопедический изделие
4218-N-691330	изделие ортопедический назначение
4218-N-691332	ортопедический товар
4218-N-691331	товар ортопедический назначение
4218-N-669660	ортопедический продукция
4218-N-691333	ортопедический оборудование
144301-N-681296	пульмонолог
112055-N-139239	ингалятор
9050-N-117626	кофеин
9682-N-120974	ангина
9869-N-121790	грыжа
9869-N-121791	грыжевой выпячивание
144734-N-174613	ожирение
133287-N-187448	прямой массаж сердце
133287-N-187447	массаж сердце
5751-N-106155	марля
136755-N-197835	эмболия
148860-N-722703	остановка кровь
148860-N-722699	остановка кровотечение
7788-N-107203	наркоман
7788-N-202696	наркопотребитель
7788-N-715164	лицо с наркологический зависимость
7788-N-202695	наркобольная
7788-N-125335	наркоманка
7788-N-202697	наркопотреблений
7788-N-125354	пользователь наркотик
7788-N-115729	потребитель наркотик
7788-N-121320	больной наркомания
110224-N-152655	сердечник
110224-N-671138	сердечный больной
110224-N-191702	сердечница
150577-N-163767	нытий
150577-N-183336	щемлений
150577-N-732731	ныть боль
5184-N-118958	зубоврачеваний
5184-N-112152	стоматология
9805-N-121609	инфузионный терапия
9805-N-121567	инфузия
6962-N-752094	понижать слух
6962-N-178516	тугоухость
6962-N-115567	потеря слух
6962-N-214466	понижение острота слух
6962-N-178517	ослабление слух
6962-N-752093	нарушить слух
6962-N-107259	нарушение слух
6962-N-116319	дефект слух
6962-N-118876	глухота
137737-N-202351	акробатический трюк
4624-N-110083	протезирование
4624-N-110085	протезный помощь
4362-N-104948	коклюш
7000-N-110317	работа в сверхурочный время
7000-N-111224	сверхурочный работа
4705-N-110234	психиатрический освидетельствование
4705-N-110230	психиатрический экспертиза
135772-N-194701	аденовирус
3073-N-114068	холера
2283-N-736273	хронический течение
2283-N-114105	хронический болезнь
2283-N-114106	хронический заболевание
6202-N-112897	токсикология
109020-N-216538	кандидозный стоматит
109020-N-142403	молочница
6161-N-101001	биопсия
131481-N-705339	оздоровительный гимнастика
131481-N-204974	физический зарядка
131481-N-749018	утренний гимнастика
131481-N-707840	физзарядок
131481-N-138412	зарядка
131481-N-182998	утренний зарядка
9472-N-724531	лепрозорный учреждение
9472-N-119887	лепрозорий
1036-N-100489	аптека
1036-N-121890	аптечный предприятие
1036-N-100491	аптечный учреждение
1036-N-116574	аптечный организация
1036-N-673810	аптечный киоск
1036-N-213699	фармацевтический организация
1036-N-121892	аптечный пункт
1036-N-117042	предприятие аптечный сеть
112546-N-146067	палочка
112546-N-118880	бацилла
112546-N-194925	палочковидный бактерия
110949-N-152201	сальто
110949-N-152202	сальто-мортале
8776-N-116383	отит
113568-N-157498	чума
8120-N-100746	бальнеология
1045-N-123580	врачебный кадр
1045-N-158119	эскулап
1045-N-708136	докторша
1045-N-137097	доктор
1045-N-135038	врачиха
1045-N-123582	врачебный персонал
1045-N-102047	врач
9333-N-119217	эндоскопический аппаратура
9333-N-121607	лапароскоп
9333-N-121611	эндоскоп
138032-N-203167	прекурсор
146935-N-710618	кризис болезнь
146935-N-172847	кризис
110825-N-145366	отек
141880-N-214959	газ в кишечник
141880-N-214958	метеоризм
154462-N-757198	шунтирование сосуд
154462-N-197174	шунтирование
9766-N-120024	флюорографический обследование
9766-N-121375	флюорография
9766-N-156652	флюрография
9766-N-165256	флюорографический осмотр
137570-N-201733	плоскостопие
113976-N-152407	светолечений
113976-N-176715	фототерапия
153574-N-749808	зеленка
126783-N-173343	кардиохирургать
7514-N-104195	иммунопрофилактика
7514-N-104184	иммунизация
115463-N-196868	диагностика заболевание
115463-N-196866	диагностика болезнь
115463-N-756393	постановка диагноз
115463-N-210431	диагностика состояние здоровье
115463-N-136851	диагностирование
115463-N-709421	диагносцирований
115463-N-121433	медицинский диагностика
115463-N-136850	диагностика
146493-N-173089	манеж
146493-N-707721	спортивный манеж
146493-N-707723	крыть манеж
7918-N-110258	психотерапия
7918-N-122059	психотерапевтический помощь
108841-N-124940	чесотка
5567-N-108465	паралич
4035-N-108073	онкологический заболевание
4035-N-690807	онкологический процесс
4035-N-690809	раковый процесс
4035-N-110554	раковый заболевание
4035-N-110528	рак
4035-N-690808	онкопроцесс
4035-N-121787	злокачествать процесс
4035-N-139698	канцер
4035-N-165070	онкозаболеваний
112828-N-150677	радикулит
111252-N-143434	невролог
111236-N-103476	душевнобольной
111236-N-191666	психопатка
111236-N-184709	психический больной человек
111236-N-150489	психический больной
111236-N-191665	психопат
9049-N-187669	механический орган
9049-N-116003	искусственный орган
4727-N-113213	туберкулез
9238-N-118605	рахит
1043-N-109147	поликлиника
1043-N-100413	амбулатория
1043-N-109149	поликлинический учреждение
3046-N-211626	клинический база
3046-N-104889	клиника
3046-N-119086	клинический центр
3046-N-104891	клинический больница
137082-N-199709	чешуйчатый лишать
137082-N-199708	псориаз
8771-N-116500	стоматолог
8771-N-136597	дантист
8771-N-117543	зубной врач
108894-N-147057	пиявка
108894-N-177256	пиявочка
115335-N-742763	бельмо на глаз
115335-N-133495	бельмо
7529-N-121180	способ лечение
7529-N-106591	метод лечение
7529-N-106827	медицинский практика
7529-N-118356	медицинский методика
7529-N-104892	клинический практика
145229-N-690811	онкологический больной
145229-N-690813	раковый больной
145229-N-690812	онкобольный
145229-N-690814	больной рака
153540-N-749500	упражнение для растяжка
153540-N-749499	упражнение на растяжка
153540-N-167520	растяжка
9026-N-117559	сиделка
137006-N-199453	гематолог
114764-N-140163	клоп
143075-N-671650	хирургический нож
147992-N-715829	лечебный форма растение
8705-N-116192	катаракта
127557-N-175268	пломбирований
127557-N-685688	пломбирований зуб
8161-N-188489	инфлюэнец
8161-N-102781	грипп
8641-N-116057	гельминтоз
8641-N-688842	глистный заболевание
8641-N-202400	глистный инвазие
125738-N-170950	воспаленность
151820-N-738970	твердый лекарственный форма
3100-N-112791	техника безопасность
3100-N-674594	правило безопасность
3100-N-674593	правило техника безопасность
144274-N-736457	доброкачественный образование
144274-N-161613	доброкачественность
144274-N-681203	доброкачественный новообразование
144274-N-681202	доброкачественный опухоль
6087-N-119475	нейтронный терапия
6087-N-106043	лучевой терапия
6087-N-119245	медицинский рентгенорадиологический процедура
6087-N-106319	медицинский облучение
6087-N-713145	радиотерапия
8560-N-122289	искусственный зуб
8560-N-120320	зуботехнический продукция
8560-N-115648	зубной протез
8560-N-724424	вставной зуб
8636-N-115954	гинеколог
7859-N-110105	противозачаточный средство
7859-N-105276	контрацептив
128086-N-725862	полип слизистый оболочка
128086-N-148048	полип
136907-N-198767	эфедрин
136907-N-203138	псевдоэфедрин
142595-N-217385	министерство здравоохранение и социальный развитие
125112-N-169728	воздушный ванна
9025-N-111126	санитарка
9025-N-116063	санитар
9025-N-163765	няня
9025-N-174404	нянечка
9803-N-689897	головневый заболевание
9803-N-121610	головнить
108862-N-167895	воспалительный процесс
108862-N-134919	воспаление
139201-N-138855	зонд
139201-N-206582	медицинский зонд
9444-N-119739	инъекция
9444-N-196640	вливание
9444-N-721315	введение раствор
9444-N-729787	инъекция лекарство
9444-N-742692	укольчик
9444-N-155881	укол
109552-N-157149	цинга
1049-N-101549	вирус
3329-N-105860	лечебный -профилактический учреждение
3329-N-122591	лечпрофучреждений
3329-N-122976	лечебть -профилактический предприятие
132185-N-184575	ломота
132185-N-720074	тупой боль
149923-N-729376	вымывание из организм
149923-N-701814	вымываний
9224-N-691498	респираторный вирусный заболевание
9224-N-118404	острый респираторный заболевание
9224-N-691494	острый респираторный вирусный заболевание
9224-N-691495	респираторно вирусный инфекция
9224-N-122124	острый респираторный инфекция
9224-N-691493	острый респираторный вирусный инфекция
9224-N-691496	острый инфекция дыхательный путь
9224-N-182511	острый инфекция верхний дыхательный путь
9224-N-182510	орви
9224-N-182509	орв
9224-N-122282	респираторно вирусный заболевание
9224-N-691497	респираторный вирусный инфекция
127556-N-175271	пломба
127556-N-214091	зубной пломба
127556-N-685693	пломба зуб
133432-N-174864	откачиваний
116375-N-207960	капля
116375-N-139718	капля
6324-N-723778	медицинский формирование
6324-N-113549	учреждение здравоохранение
6324-N-117143	учреждение общественный здравоохранение
10142-N-218050	пункт первый помощь
10142-N-193806	травмпункт
10142-N-193807	травмотологический пункт
10142-N-122689	травмопункть
10142-N-218049	пункт скорый помощь
154697-N-759276	домашний арена
154697-N-759275	домашний стадион
9045-N-117608	нарушение опорно-двигательный аппарат
110088-N-140150	клиницист
134969-N-195949	врачеватель
134969-N-192423	целитель
134969-N-192421	лекарь
134969-N-195950	врачевательница
134969-N-192426	исцелитель
134969-N-192425	целительница
134969-N-192427	исцелительница
6034-N-111160	санитарный автотранспорт
6034-N-111159	санитарный автомобиль
6034-N-111132	санитарный машина
6034-N-111129	санитарный автомашина
109003-N-114936	ячмень
109003-N-206099	ячмень на глаз
109003-N-726491	глазной ячмень
127566-N-175295	паркинсонизм
127566-N-175294	болезнь паркинсон
2925-N-106296	медицинский экспертиза
2925-N-106324	медицинский освидетельствование
2925-N-120216	амбулаторный освидетельствование
2925-N-115946	медэкспертиза
2925-N-120925	медицинский переосвидетельствование
6199-N-208225	сэс
6199-N-121918	орган санэпиднадзорый
6199-N-121915	санитарный учреждение
6199-N-111146	санитарный профилактический учреждение
6199-N-111174	санитарный эпидемиологический станция
6199-N-121916	санитарный орган
6199-N-123961	санэпидемслужба
6199-N-114694	санэпидемстанция
6199-N-121921	санэпидслужба
6199-N-119666	санэпидстанция
6199-N-121922	санэпидучреждений
6199-N-114749	эпидемиологический станция
6199-N-123939	станция эпидемнадзор
6199-N-704954	орган госсаннадзор
6199-N-704955	орган госсанэпиднадзор
3646-N-104188	иммунобиологический средство
3646-N-104187	иммунобиологический препарат
3646-N-708120	иммуномодулятор
3646-N-104194	иммунопрепарать
3646-N-711752	иммуномодулируть препарат
3646-N-711754	иммунокорректор
10053-N-122524	дерматолог
10053-N-122525	дерматовенеролог
10053-N-140252	кожник
10053-N-182535	дермато-венеролог
9456-N-119713	гемофилия
9456-N-119818	несвертываемодать кровь
128285-N-737718	провал в сознание
128285-N-176144	потеря сознание
137887-N-116629	простуда
137887-N-727605	губной герпес
137887-N-141561	лихорадка
137887-N-202773	лихорадка на губа
137887-N-202774	простуда на губа
125029-N-100468	антисептик
9324-N-684677	конноспортивный клуб
9324-N-119194	конный -спортивный комплекс
9324-N-119193	конно-спортивный база
9324-N-684676	конноспортивный комплекс
123824-N-677443	облучение кварц
123824-N-167357	кварцеваний
123824-N-139947	кварц
6143-N-100394	аллергология
121265-N-136523	гудение
122221-N-166053	кровососущий насекомое
149202-N-724536	зубной поликлиника
149202-N-724533	стоматологические клиника
149202-N-123958	стоматологические поликлиника
149202-N-724538	стоматологические центр
149202-N-112152	стоматология
149202-N-724537	зубной клиника
149202-N-724539	зубной центр
149202-N-724534	зубоврачебный клиника
149202-N-724535	зубоврачебный поликлиника
149202-N-724540	зубоврачебный центр
2930-N-725441	санаторно-курортный обеспечение
2930-N-117834	санаторно-курортный оздоровление
2930-N-700430	санкурлечений
2930-N-121826	амбулаторно-курортный лечение
2930-N-121827	курортно -амбулаторный лечение
2930-N-111118	курортный лечение
2930-N-111121	санаторный лечение
2930-N-117680	санаторно-курортный помощь
2930-N-105640	санаторно-курортный лечение
7278-N-122057	трансплантологический помощь
7278-N-218107	трансплантация человеческий орган
7278-N-218105	трансплантация ткань
7278-N-218106	трансплантация орган
7278-N-113052	трансплантация
7278-N-218104	пересадка ткань
7278-N-108701	пересадка орган
7278-N-218103	медицинский трансплантация
1042-N-117799	санаторно-курортный организация
1042-N-103955	здравница
1042-N-105639	курортный организация
1042-N-105642	курортный учреждение
1042-N-111116	санаторий
1042-N-117838	санаторный учреждение
1042-N-117836	санаторно-курортный объединение
1042-N-117083	санаторно-курортный предприятие
1042-N-111119	санаторно-курортный учреждение
1042-N-111120	санаторно-курортный комплекс
1042-N-117835	санаторно-курортный центр
1042-N-210405	санаторно -оздоровительный комплекс
1042-N-121480	санаторный комплекс
111615-N-103678	заболевание
9239-N-118449	паротит
9239-N-118625	свинка
145567-N-699807	носитель болезнь
131857-N-214393	росный ладан
131857-N-141235	ладан
8764-N-116420	проказа
8764-N-119886	лепр
4438-N-103188	диспансеризация
4438-N-103191	диспансерный учет
4438-N-103189	диспансерный наблюдение
4438-N-210428	периодический медицинский обследование
4438-N-120418	диспансерный контроль
4438-N-210429	периодический медицинский осмотр
133405-N-187688	микобактерия
108965-N-167125	вензаболевание
108965-N-101374	венерический болезнь
108965-N-101376	венерический заболевание
6337-N-143596	нервный болезнь
6337-N-107562	нервно-мышечный заболевание
6337-N-669635	поражение нервный система
6337-N-133775	болезнь нервный система
6337-N-211914	заболевание нервный система
6337-N-107453	неврологический заболевание
137616-N-201950	компьютерный томография
