synset_id	sense_id	sense_term
108863-A	108863-A-135833	гайморитный
9014-A	9014-A-136122	гнойниковый
9014-A	9014-A-143184	нарывный
7506-A	7506-A-158088	энцефалитный
111184-A	111184-A-133031	аппендицитный
133318-A	133318-A-187500	одышечный
8804-A	8804-A-150281	простудный
9869-A	9869-A-168451	грыжевый
9869-A	9869-A-168452	грыжевой
113976-A	113976-A-152406	светолечебный
136540-A	136540-A-698050	химиотерапевтический
109688-A	109688-A-135920	геморроидальный
109688-A	109688-A-135922	геморройный
144269-A	144269-A-137580	желтушный
9023-A	9023-A-141868	малярийный
9805-A	9805-A-708631	инфузионный
8510-A	8510-A-136213	гонорейный
6004-A	6004-A-109154	полиомиелитный
2635-A	2635-A-202657	наркозависимый
4359-A	4359-A-136956	дифтерический
4359-A	4359-A-136953	дифтерийный
4359-A	4359-A-136955	дифтеритный
125067-A	125067-A-169648	аритмический
110150-A	110150-A-142208	мигреневый
4727-A	4727-A-113214	туберкулезный
9483-A	9483-A-159969	бесплодный
4046-A	4046-A-121900	лечебно-профилактический
4046-A	4046-A-121761	медико-профилактический
4046-A	4046-A-120772	лечебно-оздоровительный
141543-A	141543-A-205804	слабоумный
136064-A	136064-A-214923	рвотный
137435-A	137435-A-104192	иммунодефицитный
137435-A	137435-A-118489	иммунопатологический
142973-A	142973-A-164026	дренажный
142973-A	142973-A-670596	дренажный процеура
120996-A	120996-A-163267	тромботический
124454-A	124454-A-135706	высыпной
116900-A	116900-A-735221	бессонный
8776-A	8776-A-145398	отитный
4521-A	4521-A-149050	прививочный
110393-A	110393-A-150492	психопатический
124412-A	124412-A-168463	метастатический
4030-A	4030-A-135940	гепатитный
128086-A	128086-A-148049	полипный
5390-A	5390-A-715256	послеоперационный
5390-A	5390-A-144785	операционный
5390-A	5390-A-144783	оперативный
5390-A	5390-A-113989	хирургический
7918-A	7918-A-150494	психотерапевтический
117985-A	117985-A-141885	маниакальный
9491-A	9491-A-157667	шизофренический
109333-A	109333-A-155714	угревой
110165-A	110165-A-154737	таблеточный
124017-A	124017-A-136062	глистный
151334-A	151334-A-744020	сахароснижающий
151334-A	151334-A-139301	инсулиновый
112579-A	112579-A-139331	инфарктный
133077-A	133077-A-186710	обморочный
110168-A	110168-A-133981	брюшнотифозный
110356-A	110356-A-143430	невралгический
6481-A	6481-A-729516	врожденный
112452-A	112452-A-132749	авитаминозный
4688-A	4688-A-154260	стерилизационный
109936-A	109936-A-140602	конъюнктивитный
130761-A	130761-A-188699	умственный отсталый
2283-A	2283-A-163027	хронический
5137-A	5137-A-169375	абортивный
9224-A	9224-A-684363	респираторно-вирусный
9231-A	9231-A-184184	косоглазый
9231-A	9231-A-159164	косой
6161-A	6161-A-101000	биопсийный
6161-A	6161-A-133643	биопсический
115124-A	115124-A-155377	тромбозный
4684-A	4684-A-105148	коревой
6041-A	6041-A-205714	менингитный
112643-A	112643-A-135897	гастрический
112643-A	112643-A-135896	гастритный
144833-A	144833-A-686859	вегетососудистый
110237-A	110237-A-133771	болезненный
110237-A	110237-A-133769	болевой
111256-A	111256-A-121273	невротический
110398-A	110398-A-721637	истеричный
110398-A	110398-A-721632	истерический
114990-A	114990-A-154260	стерилизационный
3214-A	3214-A-112141	столбнячный
8482-A	8482-A-121721	сифилитический
5567-A	5567-A-116093	паралитический
5567-A	5567-A-146132	параличный
9239-A	9239-A-152429	свинушный
109296-A	109296-A-117218	катаральный
108134-A	108134-A-721407	шоковый
616-A	616-A-741991	недужный
7000-A	7000-A-670048	сверхурочный
8159-A	8159-A-102510	гомеопатический
109068-A	109068-A-100391	аллергический
113568-A	113568-A-124500	чумной
8705-A	8705-A-139870	катарактный
4779-A	4779-A-104077	зубопротезный
3949-A	3949-A-711583	психопатологический
3949-A	3949-A-110253	психоневрологический
110825-A	110825-A-145373	отечный
9050-A	9050-A-164109	кофеиновый
125387-A	125387-A-170221	бородавочный
125387-A	125387-A-195356	бородавчатый
6259-A	6259-A-133482	белокровный
6259-A	6259-A-141375	лейкозный
148386-A	148386-A-720124	налитый свинец
6087-A	6087-A-713146	радиотерапевтический
5177-A	5177-A-110636	реанимационный
109331-A	109331-A-158001	экзематозный
8509-A	8509-A-139528	ишемический
141530-A	141530-A-213951	парацетамоловый
113571-A	113571-A-215407	водолечебный
8161-A	8161-A-102782	гриппозный
113028-A	113028-A-143499	нейрохирургический
4392-A	4392-A-144910	опухолевый
3373-A	3373-A-132879	алкоголический
1056-A	1056-A-202841	вич-инфицированный
3700-A	3700-A-103135	дизентерийный
5330-A	5330-A-113695	физиотерапевтический
137570-A	137570-A-201734	плоскостопый
7513-A	7513-A-116265	иммунологический
127631-A	127631-A-175420	тошнотный
9808-A	9808-A-700229	лапароскопический
9808-A	9808-A-158080	эндоскопический
9767-A	9767-A-151741	рентгенографический
9767-A	9767-A-704548	радиографический
9598-A	9598-A-133935	бронхитный
8706-A	8706-A-136056	глаукомный
108841-A	108841-A-124941	чесоточный
8216-A	8216-A-123682	наркозный
142000-A	142000-A-111299	бальнеологический
142000-A	142000-A-125066	бальнеотерапевтический
109961-A	109961-A-152992	сколиозный
129698-A	129698-A-134164	ванный
123979-A	123979-A-169079	гипотонический
9677-A	9677-A-724957	фармакотерапевтический
9400-A	9400-A-169918	близорукий
112450-A	112450-A-132733	абсцессный
109552-A	109552-A-157150	цинготный
109990-A	109990-A-154246	стенокардический
9406-A	9406-A-140322	колитный
144031-A	144031-A-707816	аутичный
144031-A	144031-A-714684	аутистический
9484-A	9484-A-139302	инсультный
112698-A	112698-A-205607	шелудивый
112698-A	112698-A-205606	паршивый
4035-A	4035-A-139699	канцерный
4035-A	4035-A-151128	раковый
5802-A	5802-A-690924	имбецильный
5802-A	5802-A-690925	олигофренический
3464-A	3464-A-145142	оспенный
7393-A	7393-A-200194	атеросклеротический
129454-A	129454-A-160290	свищевой
129454-A	129454-A-178820	фистульный
9444-A	9444-A-139339	инъекционный
8094-A	8094-A-124018	анемический
8187-A	8187-A-123890	акупунктурный
8187-A	8187-A-138925	иглотерапевтический
136318-A	136318-A-196877	диализный
142357-A	142357-A-181599	депрессивный
110468-A	110468-A-202103	параноидальный
110468-A	110468-A-146137	параноический
146293-A	146293-A-104373	инфекционный
108862-A	108862-A-134921	воспалительный
6044-A	6044-A-151620	ревматический
6044-A	6044-A-151621	ревматоидный
114693-A	114693-A-154530	судорожный
114693-A	114693-A-153863	спазматический
114693-A	114693-A-140502	конвульсивный
7514-A	7514-A-139212	иммунизационный
111236-A	111236-A-687934	психбольной
111236-A	111236-A-700553	психбольная
111236-A	111236-A-689199	страдающий психический заболевание
111236-A	111236-A-689200	страдающий психический расстройство
111236-A	111236-A-689201	страдающий расстройство психика
110638-A	110638-A-181312	горячечный
9856-A	9856-A-139797	кардиограммный
109728-A	109728-A-152643	септический
9278-A	9278-A-132942	ампутационный
9238-A	9238-A-151564	рахитный
7528-A	7528-A-195714	сальмонеллезный
7782-A	7782-A-189553	пробирочный
3729-A	3729-A-135866	гангренозный
9387-A	9387-A-143234	насморочный
129712-A	129712-A-677046	варикозный
135455-A	135455-A-197070	удушающий
135455-A	135455-A-203322	удушливый
9414-A	9414-A-121961	кистозный
111428-A	111428-A-210160	перевязочный
1054-A	1054-A-104373	инфекционный
114938-A	114938-A-153642	сомнамбулический
123981-A	123981-A-158218	язвенный
10134-A	10134-A-167426	припадочный
137126-A	137126-A-714221	катетеризировать
137126-A	137126-A-714220	катетеризовать
9473-A	9473-A-164911	анестетический
3073-A	3073-A-114069	холерный
110367-A	110367-A-148245	поносный
136755-A	136755-A-197836	эмболический
112828-A	112828-A-150678	радикулитный
5423-A	5423-A-139809	кариозный
9478-A	9478-A-142265	миомный
9725-A	9725-A-165795	процедурный
144274-A	144274-A-161614	доброкачественный
114870-V	114870-V-150284	простукивать
114870-V	114870-V-135683	выстукать
114870-V	114870-V-135685	выстукивать
114870-V	114870-V-150282	простукать
124613-V	124613-V-168846	омертветь
124613-V	124613-V-187792	отмереть
124613-V	124613-V-187793	отмирать
124613-V	124613-V-168845	мертветь
4688-V	4688-V-154262	стерилизовать
110638-V	110638-V-181301	лихорадить
120814-V	120814-V-162841	лечиться
120814-V	120814-V-753409	лечиться без врач
114990-V	114990-V-154262	стерилизовать
9231-V	9231-V-140761	косить
9231-V	9231-V-748681	глаз косить
9231-V	9231-V-748682	косить глаз
108862-V	108862-V-700466	воспалиться
108862-V	108862-V-700467	воспаляться
9278-V	9278-V-145553	отнять
9278-V	9278-V-145548	отнимать
9278-V	9278-V-118873	ампутировать
136064-V	136064-V-722159	вытошнить
136064-V	136064-V-135256	вывернуть
136064-V	136064-V-722160	выташнивать
136064-V	136064-V-135283	выворачивать
136064-V	136064-V-175421	стошнить
136064-V	136064-V-151573	рвать
136064-V	136064-V-135590	вырвать
114693-V	114693-V-722295	мышца свести
114693-V	114693-V-758770	сводить мышца
9473-V	9473-V-164912	анестезировать
5414-V	5414-V-201515	предупредить беременность
5414-V	5414-V-201514	предупреждать беременность
110237-V	110237-V-162804	побаливать
110237-V	110237-V-137718	заболеть
110237-V	110237-V-702346	поболеть
110237-V	110237-V-176889	разболеться
110237-V	110237-V-133778	болеть
110237-V	110237-V-137717	заболевать
137569-V	137569-V-751586	сердце прихватить
137569-V	137569-V-751587	прихватить сердце
116984-V	116984-V-136764	дергать
116984-V	116984-V-154404	стрельнуть
116984-V	116984-V-112225	стрелять
9635-V	9635-V-146575	перелить
9635-V	9635-V-198663	перелить кровь
9635-V	9635-V-146574	переливать
127631-V	127631-V-142610	мутить
127631-V	127631-V-175422	подташнивать
127631-V	127631-V-175418	тошнить
127631-V	127631-V-183297	затошнить
109636-V	109636-V-149533	прихватывать
109636-V	109636-V-149531	прихватить
5390-V	5390-V-200789	сделать операция
5390-V	5390-V-215837	оперировать больной
5390-V	5390-V-215838	оперировать пациент
5390-V	5390-V-744373	перенести операция
5390-V	5390-V-744374	переносить операция
5390-V	5390-V-747722	лечь под нож
5390-V	5390-V-200788	делать операция
5390-V	5390-V-187541	соперировать
5390-V	5390-V-108095	оперировать
5390-V	5390-V-187540	прооперировать
9444-V	9444-V-743183	вколоть лекарство
9444-V	9444-V-721316	ввести раствор
9444-V	9444-V-726655	сделать укол
9444-V	9444-V-726654	делать укол
9444-V	9444-V-155859	укалывать
9444-V	9444-V-155882	уколоть
9444-V	9444-V-743184	вкалывать лекарство
5137-V	5137-V-714425	производить аборт
5137-V	5137-V-714422	прерывать беременность
5137-V	5137-V-714426	произвести аборт
5137-V	5137-V-714424	сделать аборт
5137-V	5137-V-714423	делать аборт
4780-V	4780-V-145663	отравиться
4780-V	4780-V-145666	отравляться
111428-V	111428-V-752056	перевязать рана
111428-V	111428-V-752057	перевязывать рана
111428-V	111428-V-146385	перевязывать
111428-V	111428-V-146380	перевязать
111428-V	111428-V-683980	наложить повязка
111615-V	111615-V-702349	подхватывать болезнь
111615-V	111615-V-743790	скрутить болезнь
111615-V	111615-V-687877	получить болезнь
111615-V	111615-V-737529	заболеть болезнь
111615-V	111615-V-137718	заболеть
111615-V	111615-V-137717	заболевать
111615-V	111615-V-172119	занемочь
111615-V	111615-V-172120	захворать
111615-V	111615-V-201539	подхватить болезнь
137126-V	137126-V-714222	установить катетер
137126-V	137126-V-714223	устанавливать катетер
137126-V	137126-V-199924	ввести катетер
137126-V	137126-V-199925	вводить катетер
131335-V	131335-V-182691	заикаться
148860-V	148860-V-722704	останавливать кровь
148860-V	148860-V-722700	остановить кровотечение
148860-V	148860-V-722701	останавливать кровотечение
148860-V	148860-V-722702	остановить кровь
125041-V	125041-V-165819	замораживать
125041-V	125041-V-165818	заморозить
119526-V	119526-V-140400	кольнуть
119526-V	119526-V-712019	покалывать
119526-V	119526-V-138039	заколоть
119526-V	119526-V-140378	колоть
118096-V	118096-V-182991	зарубцовываться
118096-V	118096-V-152000	рубцеваться
118096-V	118096-V-138407	зарубцеваться
153162-V	153162-V-747060	наложить гипс
153162-V	153162-V-747057	гипсовать
153162-V	153162-V-747061	накладывать гипс
153162-V	153162-V-747059	загипсовать
4779-V	4779-V-215881	вставлять зуб
4779-V	4779-V-215880	вставить зуб
133567-V	133567-V-155868	укачивать
133567-V	133567-V-155865	укачать
2635-V	2635-V-753522	употреблять наркотик
146536-V	146536-V-707949	накладывать шина
146536-V	146536-V-707946	наложить шина
7514-V	7514-V-139213	иммунизировать
109860-V	109860-V-144349	обсыпать
5177-V	5177-V-166039	реанимировать
5177-V	5177-V-750099	реанимировать пострадавший
137794-V	137794-V-744874	голова раскалываться
137794-V	137794-V-208215	голова трещать
137794-V	137794-V-208214	голова болеть
118812-V	118812-V-149744	прогрессировать
124454-V	124454-V-135701	высыпать
128285-V	128285-V-195933	впадать в беспамятство
128285-V	128285-V-759355	вырубиться
128285-V	128285-V-698385	помутиться
128285-V	128285-V-195934	впасть в беспамятство
128285-V	128285-V-195931	впасть в забытье
128285-V	128285-V-176143	терять сознание
128285-V	128285-V-211567	провалиться в беспамятство
128285-V	128285-V-176145	потерять сознание
128285-V	128285-V-195932	впадать в забытье
128285-V	128285-V-749538	помутиться в голова
128285-V	128285-V-749536	голова помутиться
128285-V	128285-V-749537	помутиться сознание
9767-V	9767-V-673648	делать рентген
9767-V	9767-V-673649	сделать рентген
6962-V	6962-V-182490	пониженный острота слух
7000-V	7000-V-209449	работать сверхурочно
140415-V	140415-V-725654	болезнь осложняться
140415-V	140415-V-719780	осложняться
140415-V	140415-V-719781	осложниться
151774-V	151774-V-745428	привязать к постель
136951-V	136951-V-722313	эвтаназировать
4521-V	4521-V-134133	вакцинировать
4521-V	4521-V-189399	привиться
4521-V	4521-V-149056	привить
4521-V	4521-V-149049	прививать
4521-V	4521-V-189400	прививаться
6961-V	6961-V-182491	пониженный острота зрение
116668-V	116668-V-119544	кашлять
116668-V	116668-V-707673	кашлянуть
116668-V	116668-V-137999	закашлять
9457-N	9457-N-121613	кожный заболевание
9457-N	9457-N-133774	болезнь кожа
9457-N	9457-N-119820	кожный болезнь
6129-N	6129-N-211915	заболевание сердечно-сосудистый система
6129-N	6129-N-111792	сосудистый заболевание
6129-N	6129-N-122050	сосудистый болезнь
6129-N	6129-N-111460	сердечно-сосудистый заболевание
6129-N	6129-N-182523	болезнь система кровообращение
6129-N	6129-N-187201	болезнь система орган кровообращение
110638-N	110638-N-141561	лихорадка
110638-N	110638-N-729064	лихорадочный состояние
110638-N	110638-N-181311	горячка
150611-N	150611-N-732886	пластика нос
9670-N	9670-N-120668	грибковый заболевание
125041-N	125041-N-165820	замораживание
125041-N	125041-N-120981	местный обезболивание
125041-N	125041-N-120979	местный анестетика
125041-N	125041-N-182719	заморозка
2635-N	2635-N-753521	употребление наркотик
2635-N	2635-N-125353	потребление наркотик
2635-N	2635-N-125365	наркотоксикомания
2635-N	2635-N-125332	наркозависимость
2635-N	2635-N-202717	наркоманизация
2635-N	2635-N-125361	наркотический зависимость
2635-N	2635-N-107204	наркомания
2635-N	2635-N-756702	зависимость от наркотик
2635-N	2635-N-119091	злоупотребление наркотический средство
144833-N	144833-N-686857	вегето-сосудистый дистония
126757-N	126757-N-119846	цирроз
129454-N	129454-N-160289	свищ
6481-N	6481-N-215146	врожденный нарушение
6481-N	6481-N-123570	врожденный патология
118096-N	118096-N-734877	рубцевание рана
136989-N	136989-N-199355	климатолечение
140415-N	140415-N-719788	осложненный течение
140415-N	140415-N-162543	осложнение
140415-N	140415-N-209744	осложнение болезнь
5414-N	5414-N-117532	профилактика беременность
5414-N	5414-N-109611	предупреждение беременность
10085-N	10085-N-122190	мануальный терапия
9767-N	9767-N-704546	рентгеновский просвечивание
9767-N	9767-N-704539	рентгеновский диагностика
9767-N	9767-N-704547	радиография
9767-N	9767-N-191031	рентген
9767-N	9767-N-704542	радиодиагностика
9767-N	9767-N-704543	рентгенографирование
9767-N	9767-N-121422	рентгенодиагностика
9767-N	9767-N-704541	рентгенологический диагностика
9767-N	9767-N-124282	рентгенологический исследование
9767-N	9767-N-121424	рентгеноскопия
9767-N	9767-N-704545	радиографический исследование
9767-N	9767-N-121785	лучевой диагностика
9767-N	9767-N-704544	рентгеносъемка
112643-N	112643-N-139869	катар желудок
130761-N	130761-N-181508	олигофрен
130761-N	130761-N-181509	даун
130761-N	130761-N-181510	дебил
130761-N	130761-N-191268	дебилка
10199-N	10199-N-123831	болезнь печень
144031-N	144031-N-714685	аутистический мышление
3949-N	3949-N-188706	психический нездоровье
3949-N	3949-N-110238	психический заболевание
3949-N	3949-N-188707	психический недуг
3949-N	3949-N-188704	психический недостаток
3949-N	3949-N-188709	психический отклонение
3949-N	3949-N-122221	психический болезнь
3949-N	3949-N-165265	психзаболевание
3949-N	3949-N-679012	отклонение в психика
3949-N	3949-N-107564	нервно-психический расстройство
3949-N	3949-N-118804	нервно-психический отклонение
3949-N	3949-N-118991	нервный расстройство
3949-N	3949-N-760473	душевный расстройство
3949-N	3949-N-103477	душевный заболевание
3949-N	3949-N-103475	душевный болезнь
3949-N	3949-N-688926	психопатология
3949-N	3949-N-669629	расстройство психика
3949-N	3949-N-105825	психоневрологический расстройство
3949-N	3949-N-110256	психоневрологический заболевание
3949-N	3949-N-110241	психический расстройство
5801-N	5801-N-113380	умственный расстройство
5802-N	5802-N-213471	проблема в развитие
5802-N	5802-N-213472	отклонение в развитие
5802-N	5802-N-115581	нарушение умственный развитие
5802-N	5802-N-213983	малоумие
5802-N	5802-N-756031	задержка в развитие
5390-N	5390-N-144786	операция
5390-N	5390-N-113988	хирургический операция
5390-N	5390-N-113990	хирургический лечение
5390-N	5390-N-749313	оперирование
5390-N	5390-N-120094	хирургический метод
5390-N	5390-N-170749	оперативный вмешательство
5390-N	5390-N-122245	хирургический коррекция
5390-N	5390-N-120121	хирургический помощь
7506-N	7506-N-102018	воспаление мозг
110392-N	110392-N-188705	психический неполноценность
110392-N	110392-N-188708	психический невменяемость
153162-N	153162-N-115814	гипсование
142973-N	142973-N-103452	дренаж
142973-N	142973-N-670595	медицинский дренаж
108134-N	108134-N-721406	шоковый состояние
108134-N	108134-N-721408	нервный шок
108134-N	108134-N-153775	состояние шок
8802-N	8802-N-119723	почечный колика
5137-N	5137-N-714427	производство аборт
111256-N	111256-N-121272	невротический состояние
111256-N	111256-N-118805	невротический срыв
111256-N	111256-N-120096	невротический расстройство
137126-N	137126-N-199923	введение катетер
137126-N	137126-N-199922	катетеризация
6004-N	6004-N-206091	детский паралич
141542-N	141542-N-213980	старческий маразм
141542-N	141542-N-213979	старческий слабоумие
141542-N	141542-N-676760	старческий деменция
4277-N	4277-N-108266	острый облучение
4277-N	4277-N-106042	лучевой болезнь
7393-N	7393-N-119840	артеросклероз
6041-N	6041-N-215714	воспаление мозговой оболочка
135771-N	135771-N-732524	провал память
135771-N	135771-N-732525	расстройство память
8187-N	8187-N-138926	иглоукалывание
8187-N	8187-N-167945	иглорефлексотерапия
8187-N	8187-N-104081	иглотерапия
143084-N	143084-N-671701	искривление спина
7390-N	7390-N-724936	кардиологический заболевание
7390-N	7390-N-707709	заболевание сердце
7390-N	7390-N-709292	сердечный болезнь
7390-N	7390-N-709293	сердечный заболевание
9337-N	9337-N-199564	заболевание желудочно-кишечный тракт
9337-N	9337-N-118923	желудочно-кишечный заболевание
9337-N	9337-N-209644	заболевание орган пищеварение
9337-N	9337-N-182524	болезнь орган пищеварение
9337-N	9337-N-125007	желудочный заболевание
9337-N	9337-N-140059	кишечный заболевание
1054-N	1054-N-104372	инфекционный заболевание
1054-N	1054-N-101345	карантинный болезнь
1054-N	1054-N-124151	карантинный инфекция
1054-N	1054-N-121924	эпидемиологический заболевание
1054-N	1054-N-121927	эпидемический заболевание
1054-N	1054-N-138380	зараза
1054-N	1054-N-103858	заразный болезнь
1054-N	1054-N-120135	заразный заболевание
1054-N	1054-N-104371	инфекционный болезнь
144269-N	144269-N-681197	желтушность
110165-N	110165-N-147005	пилюля
110165-N	110165-N-710667	таблеточка
9677-N	9677-N-121896	лекарственный коррекция
9677-N	9677-N-121808	медикаментозный коррекция
9677-N	9677-N-105722	лекарственный помощь
9677-N	9677-N-724956	фармакотерапия
146388-N	146388-N-112091	стафилококк
146388-N	146388-N-705475	патогенный стафилококк
5627-N	5627-N-116546	легочный патология
8658-N	8658-N-115939	наследственный патология
8658-N	8658-N-107277	наследственный генез
8658-N	8658-N-116965	генетический нарушение
8658-N	8658-N-118850	генетический порок
8658-N	8658-N-102069	врожденный заболевание
8658-N	8658-N-120057	наследственный предрасположенность
8658-N	8658-N-121759	медико-генетический нарушение
110393-N	110393-N-685166	психопатический расстройство
110393-N	110393-N-150493	психопатия
110398-N	110398-N-721631	истерический расстройство
9484-N	9484-N-119354	кровоизлияние в мозг
133567-N	133567-N-188049	синдром укачивание
133567-N	133567-N-155867	укачивание
133567-N	133567-N-188047	вестибуло-вегетативный неустойчивость
133567-N	133567-N-188048	нарушение вестибулярный аппарат
133567-N	133567-N-188051	расстройство вестибулярный функция
133567-N	133567-N-188046	болезнь передвижение
118812-N	118812-N-671672	прогрессирование болезнь
118812-N	118812-N-149743	прогрессирование
132005-N	132005-N-213298	запор кишечник
132005-N	132005-N-184216	задержка стул
9483-N	9483-N-159970	бесплодность
9612-N	9612-N-685010	искусственный вентиляция легкое
6961-N	6961-N-123489	дефект зрение
6961-N	6961-N-120863	снижение зрение
6961-N	6961-N-107251	нарушение зрение
137435-N	137435-N-118477	иммунопатология
137435-N	137435-N-201290	болезнь иммунный система
120996-N	120996-N-719388	кровяной тромб
5882-N	5882-N-202399	инвазионный болезнь
5882-N	5882-N-116847	паразитоз
5882-N	5882-N-108463	паразитарный болезнь
5882-N	5882-N-202401	заражение паразит
5882-N	5882-N-108464	паразитный болезнь
10054-N	10054-N-120205	дцп
112698-N	112698-N-205605	паршивость
112698-N	112698-N-205611	шелудивость
9856-N	9856-N-139796	кардиограмма
140373-N	140373-N-741510	фенамин
114990-N	114990-N-148077	половой стерилизация
109728-N	109728-N-138379	заражение кровь
116984-N	116984-N-729852	дергующий боль
9635-N	9635-N-121689	трансфузионный терапия
9635-N	9635-N-121753	трансфузия
5177-N	5177-N-692024	интенсивный терапия
5177-N	5177-N-750100	реанимация больной
5177-N	5177-N-173466	реанимирование
5177-N	5177-N-750098	реанимация пострадавший
5177-N	5177-N-750097	реанимация пациент
5177-N	5177-N-142041	медицинский реанимация
5177-N	5177-N-750096	курс интенсивный терапия
6044-N	6044-N-692031	ревматологический заболевание
9014-N	9014-N-143182	нарыв
9014-N	9014-N-136121	гнойник
9014-N	9014-N-117512	гнойный воспаление
9014-N	9014-N-117523	гнойно-септический заболевание
616-N	616-N-156837	хворь
616-N	616-N-106281	медицинский патология
616-N	616-N-103680	заболевание человек
616-N	616-N-107470	недуг
616-N	616-N-174280	нездоровье
616-N	616-N-737136	болячка
616-N	616-N-118922	общесоматический заболевание
616-N	616-N-156832	хвороба
616-N	616-N-156836	хворость
133167-N	133167-N-187072	медицинский анализ
133167-N	133167-N-187070	клинический анализ
4046-N	4046-N-105856	лечебно-профилактический помощь
4046-N	4046-N-179841	профилактический осмотр
4046-N	4046-N-120775	лечебно-профилактический услуга
4046-N	4046-N-753406	профилактика заболевание
4046-N	4046-N-753404	профилактика болезнь
4046-N	4046-N-106285	медицинский профилактика
4046-N	4046-N-124062	медико-профилактический дело
4046-N	4046-N-120923	медико-профилактический мероприятие
4046-N	4046-N-120773	лечебно-профилактический обслуживание
4046-N	4046-N-120774	лечебно-профилактический деятельность
4046-N	4046-N-105857	лечебно-профилактический работа
4046-N	4046-N-117001	лечебно-профилактический мероприятие
4046-N	4046-N-110195	профилактический медицина
4046-N	4046-N-120771	лечебно-оздоровительный работа
4046-N	4046-N-120770	лечебно-оздоровительный мероприятие
4521-N	4521-N-101283	вакцинопрофилактика
4521-N	4521-N-109737	прививка
4521-N	4521-N-110196	профилактический прививка
4780-N	4780-N-720006	отравление ядовитый вещество
4780-N	4780-N-702249	токсикация
122264-N	122264-N-140321	колики
2046-N	2046-N-122047	инфекционно-вирусный болезнь
2046-N	2046-N-691499	инфекционно-вирусный заболевание
2046-N	2046-N-134544	вирусный заболевание
2046-N	2046-N-101551	вирусный болезнь
109636-N	109636-N-149452	приступ болезнь
109636-N	109636-N-687695	пароксизм
7782-N	7782-N-684524	искусственный инсеминация
7782-N	7782-N-710870	пробирочный оплодотворение
7782-N	7782-N-116328	трансплантация эмбрион
7782-N	7782-N-684523	перенос эмбрион в полость матка
7782-N	7782-N-104199	имплантация эмбрион
7782-N	7782-N-115752	зачатие в пробирка
7782-N	7782-N-710871	оплодотворение в пробирка
4740-N	4740-N-121789	диабет
4740-N	4740-N-211899	сахарный болезнь
146536-N	146536-N-707952	шинный повязка
9415-N	9415-N-726677	воспаление почка
9725-N	9725-N-124071	медицинский манипуляция
9725-N	9725-N-165794	процедура
9725-N	9725-N-122219	амбулаторный процедура
9725-N	9725-N-121766	лечебный манипуляция
9725-N	9725-N-121799	лечебный процедура
111475-N	111475-N-673698	обменный нарушение
111475-N	111475-N-673699	нарушение обмен
9402-N	9402-N-122415	астматический состояние
9608-N	9608-N-182521	полный потеря зрение
151334-N	151334-N-744019	сахароснижающий препарат
151334-N	151334-N-735837	инсулиновый препарат
135768-N	135768-N-726166	навязчивый страх
4845-N	4845-N-132880	алкоголичка
4845-N	4845-N-758342	забулдыга
4845-N	4845-N-685189	пропойца
4845-N	4845-N-169280	алкаш
4845-N	4845-N-194769	алконавт
4845-N	4845-N-191153	пьянчужка
4845-N	4845-N-176854	пьянчуга
4845-N	4845-N-715079	больной алкоголизм
4845-N	4845-N-110309	пьяница
4845-N	4845-N-191152	алкашка
4845-N	4845-N-715163	лицо с алкогольный зависимость
9905-N	9905-N-155223	траволечение
123981-N	123981-N-707477	язвочка
142000-N	142000-N-215404	лечение минеральный вода
142000-N	142000-N-118426	бальнеолечение
113571-N	113571-N-134695	водолечение
4391-N	4391-N-165384	раковый образование
4391-N	4391-N-115388	раковый опухоль
4391-N	4391-N-720090	недоброкачественный образование
4391-N	4391-N-720089	недоброкачественный опухоль
4391-N	4391-N-115278	злокачественный образование
4391-N	4391-N-690810	раковый новообразование
136064-N	136064-N-195311	блевота
136064-N	136064-N-722161	сташнивать
136064-N	136064-N-195309	блевать
136064-N	136064-N-195310	блевание
136064-N	136064-N-726090	рвотный акт
10192-N	10192-N-196586	воспаление предстательный железа
10192-N	10192-N-688401	воспаление простата
144943-N	144943-N-688627	воспаление вена
125387-N	125387-N-744516	бородавка на кожа
3338-N	3338-N-104883	клещевой энцефалит
110367-N	110367-N-148244	понос
110367-N	110367-N-722697	расстройство стул
114938-N	114938-N-141726	лунатизм
124613-N	124613-N-189827	мышечный некроз
124613-N	124613-N-187794	отмирание
124613-N	124613-N-168847	омертвение
124613-N	124613-N-189826	некроз ткань
4779-N	4779-N-104076	зубопротезный помощь
4779-N	4779-N-122308	зуботехнический работа
4779-N	4779-N-215883	вставление зуб
4779-N	4779-N-104074	зубной протезирование
4779-N	4779-N-104075	зубопротезирование
4779-N	4779-N-705429	протезирование зуб
114870-N	114870-N-150283	простукивание
114870-N	114870-N-196330	выстукивание
4392-N	4392-N-108141	опухоль
142357-N	142357-N-181600	депрессивность
142357-N	142357-N-719530	нервный депрессия
1056-N	1056-N-104190	иммунодефицит человек
1056-N	1056-N-712038	вич спид
1056-N	1056-N-117578	синдром приобрести иммунодефицит
110237-N	110237-N-720070	чувство боль
110237-N	110237-N-122787	физический боль
110237-N	110237-N-720073	ощущение боль
110237-N	110237-N-123143	физический страдание
9489-N	9489-N-679757	воспаление поджелудочный железа
8804-N	8804-N-116327	простудный заболевание
9023-N	9023-N-118905	малярийный инфекция
125067-N	125067-N-746531	перебой в ритм сердце
125067-N	125067-N-746533	перебой в работа сердце
8159-N	8159-N-723986	гомеопатический лечение
8159-N	8159-N-196582	гомеотерапия
141541-N	141541-N-213981	синдром альцгеймер
4325-N	4325-N-685086	отравление пищевой продукт
4325-N	4325-N-685085	отравление пища
4325-N	4325-N-685087	отравление продукт питание
4325-N	4325-N-745293	токсикоинфекция
109068-N	109068-N-122413	аллергологический реакция
109068-N	109068-N-120651	аллергический заболевание
109068-N	109068-N-122318	аллергический состояние
151774-N	151774-N-738599	лежачий больной
124454-N	124454-N-741807	появление сыпь
8509-N	8509-N-115496	ишемический болезнь
9473-N	9473-N-123597	анестезирование
9473-N	9473-N-681010	анестезирующий действие
109334-N	109334-N-707697	прыщик
133856-N	133856-N-188711	речевой нарушение
133856-N	133856-N-182520	дефект речь
133856-N	133856-N-741560	речевой расстройство
9400-N	9400-N-214399	минусовой зрение
8883-N	8883-N-116919	стоматологический помощь
8883-N	8883-N-210407	зубоврачебный дело
8883-N	8883-N-679464	лечение заболевание полость рот
126870-N	126870-N-199333	кондом
109990-N	109990-N-136470	грудной жаба
9407-N	9407-N-119686	гипертонический болезнь
110468-N	110468-N-217332	параноидальный психоз
3729-N	3729-N-747426	омертвение конечность
124017-N	124017-N-167689	гельминт
124017-N	124017-N-136061	глиста
136318-N	136318-N-723375	почечный гемодиализ
136318-N	136318-N-196876	диализ почка
6259-N	6259-N-111164	миеломный болезнь
6259-N	6259-N-110529	рака кровь
6259-N	6259-N-100899	белокровие
111428-N	111428-N-146384	перевязывание
111428-N	111428-N-146383	перевязка
119526-N	119526-N-183945	колотье
146293-N	146293-N-704778	болезнетворный организм
146293-N	146293-N-705250	возбудитель инфекция
146293-N	146293-N-101907	возбудитель инфекционный болезнь
146293-N	146293-N-138380	зараза
146293-N	146293-N-121018	патогенный микроорганизм
146293-N	146293-N-121019	болезнетворный микроорганизм
8510-N	8510-N-155361	триппер
109331-N	109331-N-709494	мокнущий лишай
138079-N	138079-N-697868	фейслифтинг
4359-N	4359-N-136954	дифтерит
1062-N	1062-N-106266	медико-санитарный помощь
1062-N	1062-N-187069	услуга здравоохранение
1062-N	1062-N-121767	медицинский мера
1062-N	1062-N-102049	врачебный помощь
1062-N	1062-N-106313	медицинский уход
1062-N	1062-N-120924	медико-оздоровительный услуга
1062-N	1062-N-204004	медицинский обеспечение
1062-N	1062-N-106282	медицинский помощь
1062-N	1062-N-106322	медицинский обслуживание
1062-N	1062-N-106276	медицинский деятельность
1062-N	1062-N-106336	медобслуживание
1062-N	1062-N-120929	медпомощь
1062-N	1062-N-179891	медуслуга
1062-N	1062-N-106294	медицинский услуга
148386-N	148386-N-720121	чувство тяжесть
148386-N	148386-N-720123	болезненный тяжесть
148386-N	148386-N-155560	тяжесть
109812-N	109812-N-195400	воспаление брюшина
136417-N	136417-N-196826	воспаление кожа
148622-N	148622-N-721401	кислородный терапия
148622-N	148622-N-721400	кислородотерапия
129698-N	129698-N-134161	ванна
147471-N	147471-N-123569	врожденный порок
114693-N	114693-N-153862	спазма
9869-N	9869-N-121791	грыжевой выпячивание
133287-N	133287-N-187448	прямой массаж сердце
148860-N	148860-N-722703	остановка кровь
6962-N	6962-N-752094	пониженный слух
6962-N	6962-N-214466	понижение острота слух
6962-N	6962-N-178517	ослабление слух
6962-N	6962-N-752093	нарушенный слух
6962-N	6962-N-116319	дефект слух
7000-N	7000-N-110317	работа в сверхурочный время
4705-N	4705-N-110230	психиатрический экспертиза
2283-N	2283-N-736273	хронический течение
2283-N	2283-N-114105	хронический болезнь
141880-N	141880-N-214959	газ в кишечник
113976-N	113976-N-152407	светолечение
7514-N	7514-N-104195	иммунопрофилактика
7918-N	7918-N-122059	психотерапевтический помощь
4035-N	4035-N-108073	онкологический заболевание
4035-N	4035-N-690807	онкологический процесс
4035-N	4035-N-690809	раковый процесс
4035-N	4035-N-110554	раковый заболевание
4035-N	4035-N-690808	онкопроцесс
4035-N	4035-N-121787	злокачественный процесс
4035-N	4035-N-139698	канцер
4035-N	4035-N-165070	онкозаболевание
111236-N	111236-N-103476	душевнобольной
111236-N	111236-N-191666	психопатка
111236-N	111236-N-184709	психический больной человек
111236-N	111236-N-150489	психический больной
137082-N	137082-N-199709	чешуйчатый лишай
153540-N	153540-N-749500	упражнение для растяжка
153540-N	153540-N-749499	упражнение на растяжка
8161-N	8161-N-188489	инфлюэнца
144274-N	144274-N-736457	доброкачественный образование
144274-N	144274-N-161613	доброкачественность
144274-N	144274-N-681202	доброкачественный опухоль
6087-N	6087-N-119475	нейтронный терапия
6087-N	6087-N-119245	медицинский рентгенорадиологический процедура
6087-N	6087-N-106319	медицинский облучение
128086-N	128086-N-725862	полип слизистый оболочка
108862-N	108862-N-167895	воспалительный процесс
9444-N	9444-N-196640	вливание
9444-N	9444-N-721315	введение раствор
9444-N	9444-N-729787	инъекция лекарство
9444-N	9444-N-742692	укольчик
9444-N	9444-N-155881	укол
9224-N	9224-N-691498	респираторный вирусный заболевание
9224-N	9224-N-118404	острый респираторный заболевание
9224-N	9224-N-691494	острый респираторный вирусный заболевание
9224-N	9224-N-691495	респираторно-вирусный инфекция
9224-N	9224-N-122124	острый респираторный инфекция
9224-N	9224-N-691493	острый респираторный вирусный инфекция
9224-N	9224-N-182510	орви
9224-N	9224-N-182509	орв
9224-N	9224-N-122282	респираторно-вирусный заболевание
9224-N	9224-N-691497	респираторный вирусный инфекция
109003-N	109003-N-206099	ячмень на глаз
109003-N	109003-N-726491	глазной ячмень
9456-N	9456-N-119818	несвертываемость кровь
128285-N	128285-N-737718	провал в сознание
137887-N	137887-N-727605	губной герпес
137887-N	137887-N-141561	лихорадка
137887-N	137887-N-202774	простуда на губа
9239-N	9239-N-118625	свинка
8764-N	8764-N-116420	проказа
