sense_term	sense_id
жаропонижающий средство	132423-N-184745
жаропонижающее	132423-N-199603
фармацевт	5660-N-113590
фармацевтический работник	5660-N-113599
кожный заболевание	9457-N-121613
болезнь кожа	9457-N-133774
кожный болезнь	9457-N-119820
дерматоз	9457-N-167629
заболевание кожа	9457-N-200031
диагност	136423-N-196867
заболевание сердечно-сосудистый система	6129-N-211915
сосудистый заболевание	6129-N-111792
сосудистый болезнь	6129-N-122050
сердечно-сосудистый заболевание	6129-N-111460
болезнь система кровообращение	6129-N-182523
болезнь система орган кровообращение	6129-N-187201
сердечно-сосудистый патология	6129-N-116547
криз	109637-N-140924
провизор	115084-N-109861
инфекция дыхательный путь	145293-N-691501
респираторный инфекция	145293-N-691500
морфинизм	116379-N-142471
акробатка	9785-N-132850
акробат	9785-N-121430
переворот через голова	147116-N-711795
невропатология	9465-N-119763
женский болезнь	146540-N-677333
нетрадиционный метод лечение	7783-N-107584
альтернативный метод лечение	7783-N-684659
нетрадиционный медицина	7783-N-208504
альтернативный медицина	7783-N-684658
психиатр	5078-N-110227
фитосанитарный надзор	4089-N-113817
фитосанитарный охрана	4089-N-113813
фитосанитарный контроль	4089-N-113816
болезнь костно-мышечный система	133819-N-188633
лихорадка	110638-N-141561
лихорадочный состояние	110638-N-729064
горячка	110638-N-181311
противораковый терапия	143712-N-677428
ринопластика	150611-N-732885
пластика нос	150611-N-732886
показатель фертильность	134290-N-189879
коэффициент фертильность	134290-N-189899
фертильность	134290-N-189900
военный медицина	9273-N-116901
рывок штанга	150141-N-730679
рывок	150141-N-152085
соревнование в рывок	150141-N-730677
упражнение рывок	150141-N-758971
в рывок	150141-N-730680
регистратура поликлиника	123591-N-692120
регистратура больница	123591-N-692122
регистратура клиника	123591-N-692121
регистратура	123591-N-166846
регистратура лечебный учреждение	123591-N-692119
регистратура медицинский учреждение	123591-N-692118
врач-травник	129918-N-759273
травник	129918-N-199660
фитотерапевт	129918-N-123197
санитарно-ветеринарный мера	146170-N-704893
ветеринарный мера	146170-N-704957
ветеринарный мероприятие	146170-N-704956
ветеринарно-санитарный мера	146170-N-704892
санитарно-ветеринарный мероприятие	146170-N-704891
ветеринарно-санитарный мероприятие	146170-N-120945
химиотерапия	136540-N-197032
расстройство сон	154946-N-732928
нарушение сон	154946-N-735222
грибковый заболевание	9670-N-120668
грибковый инфекция	9670-N-678052
микоз	9670-N-120670
предприятие медицинский промышленность	8175-N-109572
местный анестезия	125041-N-120980
замораживание	125041-N-165820
местный обезболивание	125041-N-120981
местный анестетика	125041-N-120979
заморозка	125041-N-182719
употребление наркотик	2635-N-753521
потребление наркотик	2635-N-125353
наркотоксикомания	2635-N-125365
злоупотребление наркотик	2635-N-182531
наркозависимость	2635-N-125332
наркоманизация	2635-N-202717
наркотический зависимость	2635-N-125361
наркомания	2635-N-107204
зависимость от наркотик	2635-N-756702
злоупотребление наркотический средство	2635-N-119091
нейроциркуляторный дистония	144833-N-716081
дистония	144833-N-119732
вегето-сосудистый дистония	144833-N-686857
нарколог	9076-N-117668
подтягивание на турник	148280-N-719461
подтягивание на перекладина	148280-N-751976
подтягивание	148280-N-147814
социально-психологический защита	4654-N-121936
социально-психологический мера	4654-N-121937
социально-психологический работа	4654-N-121938
социально-психологический помощь	4654-N-117681
социально-психологический поддержка	4654-N-192417
психологический служба	4654-N-110246
психологический помощь	4654-N-110245
медико-психологический помощь	4654-N-117673
медико-психологический поддержка	4654-N-120922
цирроз	126757-N-119846
цирроз печень	126757-N-173882
реанимобиль	5179-N-110639
автомобиль реанимация	5179-N-216386
машина реанимация	5179-N-216387
реанимационный автомобиль	5179-N-110637
фистула	129454-N-178819
свищ	129454-N-160289
томографический сканер	137615-N-217689
томограф	137615-N-201949
санврач	9331-N-686101
санитарный врач	9331-N-119300
санитарный инспектор	9331-N-217343
врожденный аномалия	6481-N-124780
врожденный нарушение	6481-N-215146
врожденный патология	6481-N-123570
рубцевание рана	118096-N-734877
рубцевание	118096-N-151999
заикание	131335-N-182692
клизма	9527-N-119877
трава зверобой	148028-N-715885
зверобой	148028-N-138708
зверобой трава	148028-N-715886
климатолечение	136989-N-199355
климатотерапия	136989-N-199354
растительный чай	146041-N-703254
фиточай	146041-N-703252
настой трава	146041-N-715832
лечебный чай	146041-N-703253
чай	146041-N-114225
травяной чай	146041-N-703251
лечебный трава	148008-N-116658
трава растение	148008-N-715856
лекарственный трава	148008-N-105724
целебный трава	148008-N-214924
осложненный течение	140415-N-719788
осложнение	140415-N-162543
осложнение заболевание	140415-N-719782
осложнение болезнь	140415-N-209744
протезный изделие	134853-N-116740
протез	134853-N-110089
тяжелый больной	149466-N-726556
тяжелобольной человек	149466-N-726555
острый кишечный инфекция	4955-N-108264
острый кишечный заболевание	4955-N-115808
кишечный инфекционный заболевание	4955-N-104872
кишечный инфекция	4955-N-104871
патогенный агент	1048-N-715178
биоагент	1048-N-715177
биологический агент	1048-N-715176
возбудитель	1048-N-180252
возбудитель болезнь	1048-N-101905
возбудитель заболевание	1048-N-101906
патоген	1048-N-108563
кашель	116668-N-119542
очки	113555-N-123020
диабетик	113842-N-136847
больной диабет	113842-N-671147
диабетический больной	113842-N-671146
больной сахарный диабет	113842-N-671148
горчичник	123782-N-167271
профилактика беременность	5414-N-117532
контрацепция	5414-N-105277
предупреждение беременность	5414-N-109611
протезно-ортопедический продукция	4625-N-118767
протезно-ортопедический изделие	4625-N-110082
роженица	8968-N-116453
родильница	8968-N-191132
самолечение	120814-N-753408
коронка	132709-N-185825
стоматологический коронка	132709-N-759836
зубной коронка	132709-N-185824
коронка на зуб	132709-N-759835
аденома	9862-N-121666
лечебный кабинет	2983-N-105870
смотровой кабинет	2983-N-111667
медицинский кабинет	2983-N-106304
диагностический кабинет	2983-N-173251
наркологический диспансер	8523-N-115553
наркодиспансер	8523-N-115555
наркоклиника	8523-N-202667
наркобольница	8523-N-202666
шизофрения	9491-N-119965
шизофренический психоз	9491-N-217331
хиропрактика	10085-N-197155
мануальный терапия	10085-N-122190
крапивница	109069-N-140838
смола	110959-N-153332
смола дерево	110959-N-672188
натуральный смола	110959-N-672186
природный смола	110959-N-672187
расщепление личность	153553-N-749628
раздвоение сознание	153553-N-749630
раздвоение личность	153553-N-749627
множественный личность	153553-N-749629
рентгеновский просвечивание	9767-N-704546
рентгеновский диагностика	9767-N-704539
радиография	9767-N-704547
рентген	9767-N-191031
радиодиагностика	9767-N-704542
рентгенографирование	9767-N-704543
рентгенография	9767-N-121423
рентгенодиагностика	9767-N-121422
рентгенологический диагностика	9767-N-704541
рентгенологический исследование	9767-N-124282
рентгеноскопия	9767-N-121424
радиографический исследование	9767-N-704545
лучевой диагностика	9767-N-121785
рентгеносъемка	9767-N-704544
нокдаун	109834-N-143751
медбрат	115365-N-142030
эпидемиология	1058-N-114757
катар желудок	112643-N-139869
гастрит	112643-N-135895
травматология	9007-N-117476
инфаркт миокард	7391-N-104370
тампонирование	120933-N-753900
тампонада	120933-N-163117
нокаут	126847-N-173471
овод	108187-N-144479
киста	9414-N-119742
амбулаторный долечивание	5388-N-122264
амбулаторный операция	5388-N-123920
амбулаторный лечение	5388-N-100416
лечение в амбулаторный условие	5388-N-105873
амбулаторный помощь	5388-N-122058
амбулаторно-медицинский помощь	5388-N-122250
амбулаторный прием	5388-N-179893
амбулаторный медицинский помощь	5388-N-122329
амбулаторный наблюдение	5388-N-125244
амбулаторно-поликлинический помощь	5388-N-100414
санитарный обслуживание	2588-N-111154
санитарно-гигиенический помощь	2588-N-121909
санитарно-гигиенический мера	2588-N-121907
санитарно-профилактический мероприятие	2588-N-117840
санитарный мероприятие	2588-N-111155
санитарный мера	2588-N-217246
фармацевт аптека	143376-N-673813
фармацевт	143376-N-113590
аптечный фармацевт	143376-N-673812
боязнь радиация	136973-N-691985
радиофобия	136973-N-199279
страх перед радиация	136973-N-691984
анаша	8489-N-115440
масло каннабис	8489-N-203142
гашишный масло	8489-N-203143
гашиш	8489-N-115412
смола каннабис	8489-N-203136
олигофрен	130761-N-181508
имбецил	130761-N-690912
даун	130761-N-181509
дебил	130761-N-181510
дебилка	130761-N-191268
медицинский сфера	1047-N-106291
медицина	1047-N-106274
частный медицинский практика	135540-N-179880
сбивание высокий температура	151862-N-739408
сбивание температура	151862-N-739409
медицинский образование	145284-N-691418
воздушный гимнаст	126826-N-173431
воздушный гимнастка	126826-N-173432
воздушный акробат	126826-N-748255
выхаживание	125899-N-196363
болезнь печень	10199-N-123831
гепатопатия	10199-N-206195
заболевание печень	10199-N-123036
печеночный недостаточность	10199-N-121352
ортопедия	8215-N-108227
аутизм	144031-N-680298
аутистический мышление	144031-N-714685
психический нездоровье	3949-N-188706
психический нарушение	3949-N-188703
психический заболевание	3949-N-110238
психический недуг	3949-N-188707
психический недостаток	3949-N-188704
психический отклонение	3949-N-188709
психический болезнь	3949-N-122221
психзаболевание	3949-N-165265
отклонение в психика	3949-N-679012
нервно-психический расстройство	3949-N-107564
нервно-психический отклонение	3949-N-118804
нервный расстройство	3949-N-118991
душевный расстройство	3949-N-760473
душевный заболевание	3949-N-103477
душевный болезнь	3949-N-103475
психопатология	3949-N-688926
расстройство психика	3949-N-669629
психоневрологический расстройство	3949-N-105825
психоневрологический заболевание	3949-N-110256
психологический расстройство	3949-N-115532
психический расстройство	3949-N-110241
психотропный вещество	3907-N-110259
психотропный препарат	3907-N-165267
психоактивный вещество	3907-N-754802
психотропный средство	3907-N-689443
вживление	125596-N-170616
аллергический больной	111906-N-671142
аллергик	111906-N-132885
больничный койка	3017-N-101084
койка больница	3017-N-104947
койко-место	3017-N-120983
брюшной тиф	110168-N-101156
энтерит	137523-N-201499
стерилизация	4688-N-112120
валидол	142950-N-670337
сексология	124584-N-116700
жидкий лекарственный форма	147994-N-715833
жидкий лекарство	147994-N-726693
умственный расстройство	5801-N-113380
нарушение психика	5801-N-122690
нарушение интеллект	5801-N-118414
гнус	5654-N-102500
пенициллин	112988-N-146273
тренерский кадр	4888-N-118082
тренерша	4888-N-191754
тренер	4888-N-113118
антибиотикотерапия	8950-N-117229
глаукома	8706-N-116269
шиповник	144336-N-115857
остеопороз	127565-N-175293
адреналин	9596-N-120433
кардиохирургический помощь	8606-N-117670
сосудистый хирургия	8606-N-123207
сердечно-сосудистый хирургия	8606-N-121727
коронарный хирургия	8606-N-122178
кардиохирургия	8606-N-115922
загазованность	8687-N-116165
упражнение с булава	154755-N-759710
проблема в развитие	5802-N-213471
отклонение в развитие	5802-N-213472
нарушение умственный развитие	5802-N-115581
нарушение интеллектуальный развитие	5802-N-213470
олигофрения	5802-N-108061
малоумие	5802-N-213983
умственный неполноценность	5802-N-217540
имбецильность	5802-N-201826
умственный отсталость	5802-N-113379
идиотия	5802-N-217552
задержка умственный развитие	5802-N-213982
задержка в развитие	5802-N-756031
дебильность	5802-N-119859
гайморит	108863-N-120976
полиартрит	7394-N-700683
артрит	7394-N-100552
валерьянка	125515-N-170443
настойка валерьяна	125515-N-187060
валерьяновый капля	125515-N-170442
валериановый капля	125515-N-176606
бронхит	9598-N-120440
врачебный обследование	1063-N-121807
амбулаторный обследование	1063-N-120215
врачебный осмотр	1063-N-122227
врачебный прием	1063-N-122216
клинический обследование	1063-N-120041
лечебно-диагностический работа	1063-N-121823
лечебно-диагностический процесс	1063-N-121822
лечебно-диагностический мероприятие	1063-N-116945
медицинский осмотр	1063-N-106305
медицинский обследование	1063-N-106321
медобследование	1063-N-678384
медосвидетельствование	1063-N-707499
медосмотр	1063-N-120462
операция	5390-N-144786
оперативный лечение	5390-N-689871
хирургический операция	5390-N-113988
хирургический лечение	5390-N-113990
хирургический вмешательство	5390-N-120132
оперирование	5390-N-749313
хирургический метод	5390-N-120094
оперативный вмешательство	5390-N-170749
хирургический коррекция	5390-N-122245
хирургический помощь	5390-N-120121
ампутация	9278-N-119598
больничный учреждение	1040-N-101087
лазарет	1040-N-116226
здание больница	1040-N-184669
горбольница	1040-N-115499
больничный здание	1040-N-101085
лечебница	1040-N-105852
больница	1040-N-101083
больничка	1040-N-200190
аэробика	9987-N-122502
ритмический гимнастика	9987-N-164952
офтальмолог	5800-N-117565
окулист	5800-N-108048
глазной врач	5800-N-690878
глазник	5800-N-136044
визажист	136642-N-197315
визажистка	136642-N-197316
жим	145536-N-699458
силовой жим	145536-N-699459
колит	9406-N-119745
воспаление толстый кишка	9406-N-714277
инфекционистка	10067-N-191329
инфекционист	10067-N-122549
больной паранойя	111235-N-677385
параноик	111235-N-146136
энцефалит	7506-N-114743
воспаление мозг	7506-N-102018
припадок	10134-N-123628
урология	9232-N-118427
дерматология	111173-N-136779
психический неполноценность	110392-N-188705
психоз	110392-N-119950
психический невменяемость	110392-N-188708
конъюнктивит	109936-N-140601
воздержание от употребление алкоголь	136466-N-714145
неупотребление алкоголь	136466-N-196942
трезвенность	136466-N-196929
воздержание от алкоголь	136466-N-196941
алкогольный воздержание	136466-N-714144
гипсование	153162-N-115814
наложение гипсовый повязка	153162-N-747058
сексопатология	136967-N-122662
нервный анорексия	147153-N-711954
анорексия	147153-N-711953
нейрохирург	113027-N-143498
режущий боль	111388-N-712020
резкий боль	111388-N-692196
резь	111388-N-151703
сколиоз	109961-N-152991
невропатолог	7765-N-107454
травматический синдром	142786-N-699417
травматический невроз	142786-N-699416
посттравматический невроз	142786-N-669633
посттравматический синдром	142786-N-669634
посттравматический расстройство	142786-N-683869
вскрытие тело	8919-N-758895
патологоанатомический исследование	8919-N-119250
патолого-анатомический вскрытие	8919-N-116982
патологоанатомический экспертиза	8919-N-122259
анатомирование	8919-N-194795
вскрытие	8919-N-164360
вскрытие труп	8919-N-199283
имплантант	144550-N-684934
имплантат	144550-N-730135
стрептококк	109339-N-154412
спортивный упражнение	126894-N-153972
физический упражнение	126894-N-119468
медицинский училище	129165-N-106331
медучилище	129165-N-179890
подтяжка	154733-N-751079
лазарет	116748-N-116226
военный лазарет	116748-N-194084
войсковой лазарет	116748-N-709487
лазарет часть	116748-N-709488
лазарет воинский часть	116748-N-709489
тонзиллит	112399-N-155134
патология дыхание	9462-N-120010
респираторный заболевание	9462-N-214497
болезнь орган дыхание	9462-N-119822
геморрой	109688-N-135921
дезинфекция	9880-N-102904
дезинфицирование	9880-N-122519
обеззараживание	9880-N-107748
санитарно-дезинфекционный мероприятие	9880-N-120953
дренаж рана	142973-N-714593
дренаж	142973-N-103452
медицинский дренаж	142973-N-670595
неврология	9464-N-119823
умопомешательство	120477-N-161990
безумие	120477-N-169971
полоумие	120477-N-162974
безумье	120477-N-754003
сумасшествие	120477-N-161989
помрачение ум	120477-N-193840
помрачение рассудок	120477-N-193841
помешательство	120477-N-161991
помрачение	120477-N-748349
дерматовенерология	8975-N-117296
диетолог	111745-N-136893
диетврач	111745-N-209931
боль в голова	137794-N-202517
головной боль	137794-N-202516
парагрипп	154068-N-753843
медицинский лаборатория	142301-N-186054
медлаборатория	142301-N-724351
шок	108134-N-157785
шоковый состояние	108134-N-721406
нервный шок	108134-N-721408
состояние шок	108134-N-153775
эндопротезирование	153971-N-753189
заразность	145566-N-163905
носитель инфекция	145566-N-699804
носитель	145566-N-702099
колесо	137738-N-140316
акробатический колесо	137738-N-713608
почечный недостаточность	8802-N-116593
почечный колика	8802-N-119723
дератизационный мероприятие	4999-N-122298
дератизационный средство	4999-N-116948
дератизация	4999-N-103048
дератизационный работа	4999-N-116949
парамедик	137714-N-713792
количество родившийся	609-N-179858
деторождаемость	609-N-700119
рождаемость	609-N-110890
число родившийся	609-N-179857
эвтаназия	136951-N-199195
маммограф	138980-N-205592
аборт	5137-N-100006
производство аборт	5137-N-714427
искусственный прерывание беременность	5137-N-109653
прерывание беременность	5137-N-119712
герпес	137886-N-202771
социальный заболевание	4658-N-185003
социально-опасный заболевание	4658-N-111844
социально-значимый заболевание	4658-N-111841
невротический состояние	111256-N-121272
психоневроз	111256-N-739142
невроз	111256-N-107452
невротический срыв	111256-N-118805
невротический расстройство	111256-N-120096
больничный лист	4952-N-105943
лист нетрудоспособность	4952-N-715384
бюллетень	4952-N-134105
больничный листок	4952-N-195348
листок нетрудоспособность	4952-N-101089
врач отоларинголог	7766-N-702251
лор	7766-N-702250
отоларинголог	7766-N-108302
оториноларинголог	7766-N-120278
клептомания	121135-N-163591
лекарственный сырье	2976-N-105730
фармацевтический сырье	2976-N-113601
медицинский сырье	2976-N-119473
лекарственно-технический сырье	2976-N-105725
эндоскопия	9808-N-158081
лапароскопия	9808-N-121608
установка катетер	137126-N-714224
введение катетер	137126-N-199923
катетеризация	137126-N-199922
летучий мышь-вампир	144605-N-685383
вампир	144605-N-134155
детский паралич	6004-N-206091
полиомиелит	6004-N-109153
депрессант	136995-N-196809
успокоительный препарат	136995-N-218080
успокаивающее средство	136995-N-196894
седативный препарат	136995-N-199382
седативный средство	136995-N-199381
старческий маразм	141542-N-213980
сенильный деменция	141542-N-676759
старческий слабоумие	141542-N-213979
старческий деменция	141542-N-676760
стадион	4211-N-112034
болеутоляющий лекарство	8492-N-681125
обезболивающий средство	8492-N-196568
болеутоляющее	8492-N-193651
болеутоляющий средство	8492-N-115418
обезболивающий препарат	8492-N-196569
лучевой травма	4277-N-120817
острый облучение	4277-N-108266
лучевой болезнь	4277-N-106042
вазелин	108181-N-134125
артеросклероз	7393-N-119840
артериосклероз	7393-N-124857
атеросклероз	7393-N-124858
вегетарианство	121510-N-164596
аптекарь	115085-N-133040
работник аптека	115085-N-124355
аптечный работник	115085-N-121893
трансплантолог	152995-N-745816
воспаление мозговой оболочка	6041-N-215714
менингит	6041-N-106503
гипс	117261-N-120125
гипсовый повязка	117261-N-207157
электрокардиограф	132282-N-184747
корь	4684-N-105390
провал в память	135771-N-732523
провал память	135771-N-732524
потеря память	135771-N-196630
расстройство память	135771-N-732525
нарушение память	135771-N-196631
амнезия	135771-N-194696
кесарев сечение	7860-N-104790
чревосечение	7860-N-124960
акушер	8635-N-115959
аптечка	7495-N-121889
санитарный сумка	7495-N-121917
походный аптечка	7495-N-121888
аптечка первый помощь	7495-N-213227
медицинский аптечка	7495-N-106275
иглоукалывание	8187-N-138926
иглорефлексотерапия	8187-N-167945
иглотерапия	8187-N-104081
акупунктура	8187-N-100343
психотерапевт	8514-N-115533
реаниматор	5178-N-110635
реаниматолог	5178-N-123101
анатом	134757-N-191925
отжимание	148281-N-145380
здравоохранение	612-N-103956
система здравоохранение	612-N-111525
охрана здоровье	612-N-108376
общественный здравоохранение	612-N-107902
обеспечение здоровье	612-N-117979
медицинский сеть	612-N-121851
здравоохранительный мера	612-N-117317
защита здоровье	612-N-103900
массажистка	10086-N-123405
массажист	10086-N-123402
морфий	10100-N-142469
морфин	10100-N-122600
алкалоид опий	10100-N-188062
цветочный нектар	115371-N-708341
нектар	115371-N-143509
нектар цветок	115371-N-722857
кувырок	117156-N-759100
кувырок через голова	117156-N-760997
кувырканье	117156-N-141091
медицинский документ	4951-N-119474
медицинский документация	4951-N-106277
рентген	3082-N-191031
рентген установка	3082-N-725508
рентгеноустановка	3082-N-725507
рентгеновский техника	3082-N-704553
рентгенотехника	3082-N-725504
рентгенооборудование	3082-N-725506
рентгеновский устройство	3082-N-704556
рентген аппарат	3082-N-725510
рентгеновский оборудование	3082-N-110790
рентгеновский аппарат	3082-N-110788
рентгеноаппарат	3082-N-725505
рентгеновский установка	3082-N-124279
рентгеноборудование	3082-N-725501
рентген оборудование	3082-N-725509
рентгенный аппарат	3082-N-712268
рентгеновский аппаратура	3082-N-124278
рентгенустановка	3082-N-725503
рентгенаппарат	3082-N-725502
рентгеновский система	3082-N-673651
аппаратура рентгеновский	3082-N-187143
глазной болезнь	124150-N-136043
болезнь глаз	124150-N-724683
акробатика	126942-N-169506
антидотный терапия	9362-N-119477
пульмонология	8763-N-116426
фтизиопульмонология	8763-N-118598
искривление спина	143084-N-671701
искривление позвоночник	143084-N-139382
болезнь сердце	7390-N-101079
кардиологический заболевание	7390-N-724936
заболевание сердце	7390-N-707709
сердечный болезнь	7390-N-709292
сердечный заболевание	7390-N-709293
заболевание желудочно-кишечный тракт	9337-N-199564
желудочно-кишечный заболевание	9337-N-118923
заболевание орган пищеварение	9337-N-209644
болезнь орган пищеварение	9337-N-182524
желудочный заболевание	9337-N-125007
кишечный заболевание	9337-N-140059
острый живот	9337-N-182151
катетер	137125-N-199921
расстройство функция	118044-N-725965
расстройство организм	118044-N-725966
функциональный расстройство	118044-N-732927
расстройство функция орган	118044-N-725964
нарушение функция	118044-N-741575
расстройство	118044-N-151419
расстройство орган	118044-N-725963
неизлечимый заболевание	137387-N-684731
неизлечимый стадия	137387-N-744037
неизлечимый болезнь	137387-N-201198
неизлечимость	137387-N-684730
смертельный болезнь	137387-N-209686
сок растение	143752-N-677596
наркологический служба	9075-N-125374
наркологический помощь	9075-N-117674
смертность	611-N-111652
смертность население	611-N-111654
число умерший	611-N-214299
летальность	611-N-122590
инфекционный заболевание	1054-N-104372
карантинный болезнь	1054-N-101345
карантинный инфекция	1054-N-124151
эпидемиологический заболевание	1054-N-121924
эпидемический заболевание	1054-N-121927
зараза	1054-N-138380
заразный болезнь	1054-N-103858
инфекция	1054-N-104374
заразный заболевание	1054-N-120135
инфекционный болезнь	1054-N-104371
травматолог	10141-N-122688
санитарный транспорт	8220-N-111165
вошь	109505-N-134981
желтушность	144269-N-681197
желтуха	144269-N-137579
сдача кровь	144458-N-119688
донорство кровь	144458-N-103356
упражнение мостик	149694-N-727925
мостик	149694-N-142486
медицинский показание	2927-N-213763
показание	2927-N-164307
таблетка	110165-N-154736
пилюля	110165-N-147005
таблеточка	110165-N-710667
профилакторий	2945-N-110199
страбизм	9231-N-203410
косоглазие	9231-N-118440
медицинский диагноз	115462-N-196871
диагноз болезнь	115462-N-196870
диагноз	115462-N-136848
диагноз заболевание	115462-N-196869
диагноз пациент	115462-N-707167
стоматологический заболевание	5905-N-112151
зубной заболевание	5905-N-679474
заболевание зуб	5905-N-679473
санитарный досмотр	2944-N-111161
бинт	111426-N-100974
участковый терапевт	150122-N-750131
участковый врач	150122-N-730587
снабжение лекарство	2938-N-724653
лекарственный обслуживание	2938-N-120692
лекарственный обеспечение	2938-N-105726
обеспечение лекарство	2938-N-213324
снабжение медикамент	2938-N-724652
обеспечение медикамент	2938-N-724649
медикаментозный обеспечение	2938-N-120918
лекарственный снабжение	2938-N-724656
лекарственный услуга	2938-N-121895
лекарственный коррекция	9677-N-121896
медикаментозный коррекция	9677-N-121808
лекарственный помощь	9677-N-105722
фармакотерапия	9677-N-724956
медикаментозный терапия	9677-N-120919
лечебный мера	1061-N-121166
медицинский вмешательство	1061-N-120926
восстановление здоровье	1061-N-102035
врачевание	1061-N-123577
лечебный мероприятие	1061-N-116944
лечебный обслуживание	1061-N-105865
лечебный дело	1061-N-121824
врачебный деятельность	1061-N-122195
лечебный работа	1061-N-120777
лечение	1061-N-105872
лечебный деятельность	1061-N-105850
врачебный наблюдение	1061-N-121201
ликвидация болезнь	1061-N-105893
лечебный воздействие	1061-N-121825
лечебный процесс	1061-N-120776
ликвидация заболевание	1061-N-105894
лечебный помощь	1061-N-105851
долечивание	1061-N-117301
прободение стенка	128351-N-683505
прободение	128351-N-176333
стафилококк	146388-N-112091
патогенный стафилококк	146388-N-705475
стафилококковый инфекция	146388-N-705476
воспаление легкий	5627-N-102017
легочный патология	5627-N-116546
пневмония	5627-N-108921
неизлечимый пациент	137388-N-202907
сердечный недостаточность	136162-N-195619
наследственный патология	8658-N-115939
наследственный заболевание	8658-N-115927
наследственный генез	8658-N-107277
генетический нарушение	8658-N-116965
генетический порок	8658-N-118850
врожденный заболевание	8658-N-102069
наследственный предрасположенность	8658-N-120057
медико-генетический нарушение	8658-N-121759
излечение	117617-N-104130
вылечивание	117617-N-196152
залечивание	117617-N-197570
излечимость	117617-N-203533
шизофреничка	110114-N-179066
шизофреник	110114-N-157666
шизоид	110114-N-199242
шизик	110114-N-157665
кровоостанавливающий средство	152582-N-742885
ксенофобия	126567-N-172880
пиелонефрит	9485-N-119943
психопатический расстройство	110393-N-685166
расстройство личность	110393-N-677854
психопатия	110393-N-150493
истерический невроз	110398-N-669630
истерический расстройство	110398-N-721631
истерия	110398-N-139461
конверсионный расстройство	110398-N-721633
бег на место	135957-N-195068
инсульт	9484-N-119357
кровоизлияние в мозг	9484-N-119354
кислородный маска	154154-N-120890
перинатальный патология	133823-N-188634
перинатальный заболевание	133823-N-684404
врачебный заключение	9873-N-123581
медицинский заключение	9873-N-106315
эпикриз	9873-N-121930
трепанация	110970-N-155310
легочный болезнь	145294-N-691503
болезнь легкие	145294-N-691502
заболевание легкие	145294-N-691504
синдром укачивание	133567-N-188049
укачивание	133567-N-155867
вестибуло-вегетативный неустойчивость	133567-N-188047
нарушение вестибулярный аппарат	133567-N-188048
расстройство вестибулярный функция	133567-N-188051
укачивание в транспорт	133567-N-755313
болезнь передвижение	133567-N-188046
рассеянный склероз	113098-N-151368
множественный склероз	113098-N-691943
госпиталь	113442-N-102605
военный госпиталь	113442-N-101881
психоанализ	136667-N-167971
серийный убийца	142122-N-215751
ринит	9387-N-200108
насморк	9387-N-119543
общество красный крест	145197-N-107919
красный полумесяц	145197-N-745231
комитет красный крест	145197-N-211987
красный крест и красный полумесяц	145197-N-690575
красный крест	145197-N-105468
общество красный крест и красный полумесяц	145197-N-107920
психиатрия	6518-N-110235
препарат валериана	148099-N-716007
препарат корень валериана	148099-N-716008
галлюциноген	137318-N-200912
искусственный сердце	7955-N-104456
калипсол	138028-N-203161
гидрохлорид кетамин	138028-N-203160
кеталар	138028-N-203162
кетамин	138028-N-203158
кетамин гидрохлорид	138028-N-203159
ледовый дворец	152015-N-732929
ледовый комплекс	152015-N-732931
ледовый арена	152015-N-732930
ледовый стадион	152015-N-740130
неотложка	5180-N-174287
карета скорый помощь	5180-N-173535
машина скорый помощь	5180-N-106225
автомобиль скорый помощь	5180-N-216385
скорая	5180-N-179556
психиатрический лечебный заведение	3938-N-110232
психоневрологический учреждение	3938-N-110257
психиатрический лечебный учреждение	3938-N-110233
психиатрический учреждение	3938-N-212063
прогрессирование болезнь	118812-N-671672
прогрессирование	118812-N-149743
прогрессирование заболевание	118812-N-671673
запор кишечник	132005-N-213298
задержка стул	132005-N-184216
запор	132005-N-138325
йогический упражнение	145746-N-701164
йога	145746-N-172494
физический йога	145746-N-701162
гимнастика йог	145746-N-701165
бесплодие	9483-N-119845
бесплодность	9483-N-159970
деменция	141543-N-671781
слабоумие	141543-N-111573
лекарственный средство из растительный сырье	147980-N-715932
препарат растительный происхождение	147980-N-715931
растительный препарат	147980-N-735101
фитопрепарат	147980-N-715817
лекарство растительный происхождение	147980-N-715934
лекарственный средство на основа растительный сырье	147980-N-715933
люэс	8482-N-187699
сифилис	8482-N-115397
акушерско-гинекологический помощь	6361-N-100345
гинекологический помощь	6361-N-116148
туберкулезный диспансер	7419-N-677667
противотуберкулезный диспансер	7419-N-110139
противотуберкулезный учреждение	7419-N-121840
тубдиспансер	7419-N-677666
противотуберкулезный служба	7419-N-121841
сексопатолог	136968-N-122663
искусственный вентиляция	9612-N-685011
искусственный вентиляция легкое	9612-N-685010
искусственный дыхание	9612-N-120520
рассасывание	134459-N-190687
судебный медицина	9867-N-121765
остеохондроз	142975-N-122613
паразитарный организм	121981-N-210939
паразит	121981-N-165571
кардиоревматолог	8704-N-724933
кардиолог	8704-N-116190
сердечник	8704-N-152655
энцефалопатия	143639-N-676991
склероз	9487-N-119953
дефект зрение	6961-N-123489
снижение зрение	6961-N-120863
нарушение зрение	6961-N-107251
потеря зрение	6961-N-115557
повязка	111429-N-147340
медицинский повязка	111429-N-213662
обход больной	127240-N-207799
обход палата	127240-N-207800
врачебный обход	127240-N-207798
обход	127240-N-167304
судмедэкспертиза	5572-N-123145
судебно-медицинский экспертиза	5572-N-112321
судебно-медицинский экспертный комиссия	5572-N-122338
судебно-медицинский экспертный служба	5572-N-119248
судебно-медицинский анализ	5572-N-116794
судебно-медицинский вскрытие	5572-N-116876
судебно-медицинский исследование	5572-N-120046
судебно-медицинский освидетельствование	5572-N-120022
иммунодефицит	137435-N-104191
иммунопатология	137435-N-118477
болезнь иммунный система	137435-N-201290
ошелудиветь	127458-N-205610
шелудиветь	127458-N-205608
зашелудиветь	127458-N-205609
кровяной тромб	120996-N-719388
тромб	120996-N-163266
внутривенный вливание	142805-N-669770
внутривенный применение	142805-N-669771
вливание в вена	142805-N-713773
внутривенный инъекция	142805-N-669768
внутривенный введение	142805-N-669772
инвазионный болезнь	5882-N-202399
паразитоз	5882-N-116847
инвазия	5882-N-178768
паразитарный болезнь	5882-N-108463
заражение паразит	5882-N-202401
паразитарный заболевание	5882-N-116103
паразитный болезнь	5882-N-108464
перевязочный средства	3432-N-108650
перевязочный материал	3432-N-108651
детский церебральный паралич	10054-N-118232
церебральный паралич	10054-N-188712
дцп	10054-N-120205
молоко	111010-N-106865
молочко	111010-N-737776
латекс	111010-N-205773
млечный сок	111010-N-142294
консервативный метод	145082-N-719549
консервативный лечение	145082-N-689872
консервативный терапия	145082-N-719551
консервативный метод лечение	145082-N-719550
нехирургический лечение	145082-N-689873
медицинский промышленность	1069-N-106284
медицинский полис	4473-N-106307
полис	4473-N-148056
полис медицинский страхование	4473-N-735125
онкология	5161-N-108074
парша	112698-N-146180
паршивость	112698-N-205605
шелудивость	112698-N-205611
неблагоприятный условие труд	897-N-179838
профессиональный вредность	897-N-123572
вредный труд	897-N-212321
производственный вредность	897-N-123571
вредный производственный фактор	897-N-173314
вредный условие труд	897-N-102062
вредный условие	897-N-215852
вредный работа	897-N-212320
вредность	897-N-159708
вредность на производство	897-N-732482
выписка рецепт	117171-N-712896
прописывание	117171-N-150080
прописывание лекарство	117171-N-754204
выписка лекарство	117171-N-712897
больничный каталка	126862-N-714296
каталка для пациент	126862-N-714297
медицинский каталка	126862-N-714299
каталка	126862-N-173496
эпидемиологический порог	152598-N-742964
эпидемический порог	152598-N-742962
эпидпорог	152598-N-742963
частный медицина	141061-N-212161
гастроэнтерит	145573-N-699848
шпагат	111441-N-157800
тахикардия	10025-N-121524
томограмма	137654-N-202150
патологический анатомия	113587-N-118989
хирургия	1064-N-113991
токсикомания	7105-N-112900
сердечный приступ	137569-N-201731
рефлексотерапия	152555-N-742733
санитарный статистика	4465-N-111137
показатель здоровье население	4465-N-713107
медстатистика	4465-N-179892
медицинский учет	4465-N-121774
медицинский статистика	4465-N-106290
медико-социальный показатель	4465-N-106272
бактерицидность	9881-N-194941
бактерицидный активность	9881-N-122032
бактерицидный действие	9881-N-122031
бактерицидный обеззараживание	9881-N-122030
банка лечебный	146880-N-709359
медицинский банка	146880-N-709357
лечебный банка	146880-N-709360
банка медицинский	146880-N-709358
банка	146880-N-133270
экг	9856-N-179028
кардиограмма	9856-N-139796
электрокардиограмма	9856-N-121687
черный очки	146866-N-709325
темный очки	146866-N-709326
очки от солнце	146866-N-709327
солнцезащитный очки	146866-N-709323
солнечный очки	146866-N-709324
компресс	113309-N-140490
хоспис	8942-N-117198
краснуха	109439-N-140858
фенамин	140373-N-741510
амфетамин	140373-N-209635
радиология	134951-N-687880
радиационный медицина	134951-N-192326
срочный медицинский помощь	7588-N-112019
скорый неотложный помощь	7588-N-210406
неотложный медицинский помощь	7588-N-107530
скорый медицинский помощь	7588-N-216384
скорый помощь	7588-N-120435
родовспоможение	5139-N-110886
акушерский дело	5139-N-122189
акушерство	5139-N-100346
акушерский помощь	5139-N-116531
вспоможение роды	5139-N-707983
родовспомогательный служба	5139-N-110883
блоха	108109-N-133708
закупорка сосуд	136754-N-178866
закупорка кровеносный сосуд	136754-N-197834
стерилизация	114990-N-112120
половой стерилизация	114990-N-148077
кардиологический учреждение	10206-N-709290
кардиоцентр	10206-N-678472
кардиологический отделение	10206-N-709288
отделение кардиология	10206-N-709287
кардиоотделение	10206-N-709289
кардиологический центр	10206-N-124027
кардиологический клиника	10206-N-124026
кардиологический больница	10206-N-709284
кардиобольница	10206-N-709285
кардиоклиника	10206-N-709286
санитария	1050-N-111127
гигиена	1050-N-102422
сепсис	109728-N-118609
заражение кровь	109728-N-138379
порок сердце	7956-N-109246
медицинский страхование	2628-N-106328
медицинский страховка	2628-N-125196
медицинский страхование гражданин	2628-N-106329
медстрахование	2628-N-115663
медстраховка	2628-N-701812
страхование здоровье	2628-N-112180
медстрах	2628-N-176009
фармацевтический промышленность	2919-N-113595
химико-фармацевтический промышленность	2919-N-116872
фармпромышленность	2919-N-689012
фарминдустрия	2919-N-113603
цирковой акробатика	124977-N-206149
акробатика	124977-N-169506
протезно-ортопедический помощь	9886-N-110087
наркологический заболевание	131268-N-125373
наркологический расстройство	131268-N-182532
наркологический зависимость	131268-N-684663
дефибриллятор	136421-N-196857
горный смола	127029-N-173912
мумие	127029-N-173911
горный масло	127029-N-173913
клиника	9528-N-104889
клиника заболевание	9528-N-206169
клинический симптом	9528-N-120042
клинический синдром	9528-N-698855
синдром	9528-N-203044
симптоматика	9528-N-689482
симптом болезнь	9528-N-167432
синдром болезнь	9528-N-698856
симптом	9528-N-152787
первый медицинский помощь	4852-N-210047
доврачебный медицинский помощь	4852-N-103245
доврачебный осмотр	4852-N-724955
доврачебный помощь	4852-N-103246
доврачебный самопомощь	4852-N-122273
дергующий боль	116984-N-729852
стреляющий боль	116984-N-729851
физиотерапия	5330-N-113696
задымленность	129741-N-179435
переливание кровь	9635-N-119645
трансфузионный терапия	9635-N-121689
трансфузия	9635-N-121753
переливание	9635-N-146573
маниакальный состояние	117985-N-725984
мания	117985-N-141890
морской болезнь	136615-N-188050
интенсивный терапия	5177-N-692024
реанимация больной	5177-N-750100
реанимирование	5177-N-173466
реанимация пострадавший	5177-N-750098
реанимация пациент	5177-N-750097
медицинский реанимация	5177-N-142041
реанимация	5177-N-110638
курс интенсивный терапия	5177-N-750096
фельдшер	7762-N-113664
фельдшерица	7762-N-156518
безрецептурный продажа	141301-N-213272
отпуск без рецепт	141301-N-683925
продажа без рецепт	141301-N-683927
без рецепт	141301-N-213275
безрецептурный отпуск	141301-N-213273
дизентерия	3700-N-103136
ревматизм	6044-N-110643
ревматологический заболевание	6044-N-692031
заболевание эндокринный система	9533-N-211916
эндокринный заболевание	9533-N-120050
болезнь эндокринный система	9533-N-182533
эндокринный патология	9533-N-120052
бодибилдинг	125104-N-183645
атлетический гимнастика	125104-N-214392
атлетизм	125104-N-169717
культуризм	125104-N-169715
средний медперсонал	7761-N-117547
средний медицинский персонал	7761-N-111998
нарыв	9014-N-143182
гнойник	9014-N-136121
гнойный воспаление	9014-N-117512
гнойный инфекция	9014-N-188170
нагноение	9014-N-119898
гнойно-септический заболевание	9014-N-117523
биатлонный комплекс	151962-N-739999
бессонница	116900-N-133579
заболевание мочеполовой система	131266-N-713108
болезнь мочеполовой система	131266-N-182525
педиатр	9398-N-119651
детский врач	9398-N-122835
сердечный средство	142949-N-670335
кардиологический препарат	142949-N-670333
кардиологический средство	142949-N-670336
сердечный препарат	142949-N-670334
электрошок	113640-N-158055
электрошоковый терапия	113640-N-197684
клаустрофобия	140261-N-209360
недостаточность орган	145529-N-699408
недостаточность	145529-N-143464
функциональный недостаточность	145529-N-699407
недостаточный функция	145529-N-729788
функциональный недостаточность орган	145529-N-699406
экстракт	135690-N-194521
натуральный экстракт	135690-N-760011
вытяжка	135690-N-160376
природный экстракт	135690-N-760010
лечебный корсет	142792-N-669657
медицинский корсет	142792-N-669659
корсет	142792-N-122970
ортопедический корсет	142792-N-669658
онкогемоталогия	146433-N-707330
оборудование для больница	141952-N-714219
больничный оборудование	141952-N-215174
кровеостанавливающий жгут	117522-N-742884
кровоостанавливающий жгут	117522-N-723507
жгут	117522-N-137545
медицинский жгут	117522-N-210242
недомогание	616-N-115737
хворь	616-N-156837
медицинский патология	616-N-106281
заболевание человек	616-N-103680
недуг	616-N-107470
нездоровье	616-N-174280
болячка	616-N-737136
заболевание	616-N-103678
общесоматический заболевание	616-N-118922
патология	616-N-120458
хвороба	616-N-156832
болезнь	616-N-101075
хворость	616-N-156836
судебно-медицинский эксперт	8789-N-116549
судмедэксперт	8789-N-167736
косметический хирургия	144595-N-685292
болезнь растение	116866-N-133776
спортивный учреждение	143504-N-111964
спортивный заведение	143504-N-123137
физкультурно-спортивный учреждение	143504-N-122182
возбудитель туберкулез	9697-N-187691
туберкулезный палочка	9697-N-120971
палочка кох	9697-N-187693
микобактерия туберкулез	9697-N-187692
воспаление мочевой пузырь	126756-N-669780
цистит	126756-N-173227
целлюлит	143344-N-673697
манту	126667-N-173097
проба манту	126667-N-756488
реакция манту	126667-N-182516
сестринский уход	151667-N-724089
уход за больной	151667-N-737779
лабораторный анализ	133167-N-187071
медицинский анализ	133167-N-187072
клинический анализ	133167-N-187070
лечебно-профилактический помощь	4046-N-105856
профилактика инфекция	4046-N-118904
профилактический осмотр	4046-N-179841
профилактический лечение	4046-N-121829
лечебно-профилактический услуга	4046-N-120775
профилактика заболевание	4046-N-753406
профилактика болезнь	4046-N-753404
медицинский профилактика	4046-N-106285
медико-профилактический дело	4046-N-124062
медико-профилактический мероприятие	4046-N-120923
лечебно-профилактический обслуживание	4046-N-120773
лечебно-профилактический деятельность	4046-N-120774
лечебно-профилактический работа	4046-N-105857
лечебно-профилактический мероприятие	4046-N-117001
профилактический медицина	4046-N-110195
лечебно-оздоровительный работа	4046-N-120771
лечебно-оздоровительный мероприятие	4046-N-120770
полевой изыскание	7616-N-109123
рекогносцировка	7616-N-177615
безаварийность	4853-N-195141
безаварийный эксплуатация	4853-N-100826
процедура обертывание	151654-N-737714
обертывание	151654-N-198245
обертывание тело	151654-N-752039
лечебный обертывание	151654-N-737715
гастроэнтеролог	136308-N-196434
вакцинопрофилактика	4521-N-101283
вакцинация	4521-N-101280
ревакцинация	4521-N-179824
прививка	4521-N-109737
профилактический прививка	4521-N-110196
перинатология	133820-N-188639
перинатальный медицина	133820-N-684349
скальпель	110763-N-121720
нейрохирургия	113028-N-143500
дистрофия	109191-N-119733
интерферон	141529-N-213949
реаниматология	126844-N-173465
сальмонелла	134528-N-191015
борьба с пьянство	142784-N-669622
пьянство бой	142784-N-758893
борьба с алкоголизм	142784-N-669623
фигура ласточка	123426-N-713790
ласточка	123426-N-141314
пластырь	10079-N-172963
медицинский пластырь	10079-N-121769
лейкопластырь	10079-N-122585
алкоголизация	3373-N-123909
алкогольный зависимость	3373-N-201197
алкоголизм	3373-N-100380
отравление ядовитый вещество	4780-N-720006
токсикация	4780-N-702249
интоксикация	4780-N-104369
отравление	4780-N-108315
медицинский термометр	136990-N-199356
градусник	136990-N-136329
колика	122264-N-689970
колики	122264-N-140321
психолог	4542-N-110244
солнце	110996-N-116488
солнце на турник	110996-N-738767
ортопед	111070-N-144998
массажный кабинет	152323-N-741119
кабинет массаж	152323-N-741120
больной астма	110649-N-671143
астматик	110649-N-133124
качание	152931-N-214304
качание мышца	152931-N-756813
гипертонический больной	110179-N-671145
больной гипертония	110179-N-671144
гипертоник	110179-N-135989
заражение вирус	2046-N-762253
инфекционно-вирусный болезнь	2046-N-122047
инфекционно-вирусный заболевание	2046-N-691499
вирусный заболевание	2046-N-134544
вирусный инфекция	2046-N-195862
вирусный болезнь	2046-N-101551
приступ	109636-N-149451
приступ болезнь	109636-N-149452
пароксизм	109636-N-687695
искусственный инсеминация	7782-N-684524
пробирочный оплодотворение	7782-N-710870
экстракорпоральный оплодотворение	7782-N-684522
трансплантация эмбрион	7782-N-116328
перенос эмбрион в полость матка	7782-N-684523
имплантация эмбрион	7782-N-104199
зачатие в пробирка	7782-N-115752
искусственный оплодотворение	7782-N-104453
оплодотворение в пробирка	7782-N-710871
диабет	4740-N-121789
сахарный болезнь	4740-N-211899
сахарный диабет	4740-N-111186
шинный повязка	146536-N-707952
наложение шина	146536-N-707945
гиповитаминоз	112452-N-196504
витаминный недостаточность	112452-N-195669
авитаминоз	112452-N-132748
медицинский наука	46-N-106279
биомедицина	46-N-685204
биомедицинский наука	46-N-685207
медико-биологический наука	46-N-106262
теоретический медицина	46-N-739269
фитосанитарный мероприятие	146136-N-113815
санитарный и фитосанитарный мера	146136-N-704840
фитосанитарный мера	146136-N-704841
воспаление почка	9415-N-726677
нефрит	9415-N-121633
младший медицинский персонал	7763-N-106810
младший медицинский работник	7763-N-216562
медицинский манипуляция	9725-N-124071
процедура	9725-N-165794
амбулаторный процедура	9725-N-122219
лечебный манипуляция	9725-N-121766
лечебный процедура	9725-N-121799
медицинский процедура	9725-N-120780
главный врач	136343-N-196514
главврач	136343-N-196515
обменный нарушение	111475-N-673698
нарушение обмен	111475-N-673699
нарушение обмен вещество	111475-N-143175
запущенный болезнь	131262-N-206414
запущенность	131262-N-159830
запущенный заболевание	131262-N-730483
запущенная форма заболевание	131262-N-182513
медицинский шприц	4797-N-742331
шприц	4797-N-114394
фармаколог	143375-N-123184
астма	9402-N-119695
астматический состояние	9402-N-122415
физкультура	1623-N-113717
физвоспитание	1623-N-119961
физический воспитание	1623-N-113713
физкультурный работа	1623-N-123407
физический культура	1623-N-113700
полный потеря зрение	9608-N-182521
слепота	9608-N-119954
аллерген	6362-N-100389
аутогенный тренировка	112793-N-124426
аутотренинг	112793-N-124427
инсулин	151334-N-116183
сахароснижающий препарат	151334-N-744019
инсулиновый препарат	151334-N-735837
невралгия	110356-N-143431
непроходимость	127152-N-203289
непроходимость кишечник	127152-N-174312
кишечный непроходимость	127152-N-750318
медицинский учебный заведение	2982-N-106330
бронхиальный астма	9655-N-120679
уролог	10145-N-122691
борьба с курение	136955-N-199215
электрокардиографический исследование	9855-N-121690
электрокадиография	9855-N-121654
трахеит	109284-N-155276
врач общий практика	137007-N-714624
домашний врач	137007-N-199454
семейный доктор	137007-N-199460
семейный врач	137007-N-173310
домашний доктор	137007-N-199459
лекарственный сбор	147993-N-715830
сбор	147993-N-123422
сбор лекарственный растение	147993-N-715831
знахарка	10106-N-179044
народный целитель	10106-N-122999
травник	10106-N-199660
знахарь	10106-N-179043
амбулаторно-поликлинический учреждение	4920-N-100415
амбулаторно-поликлинический объединение	4920-N-120218
амбулаторный учреждение	4920-N-122454
иммунология	7513-N-104193
навязчивый страх	135768-N-726166
фобия	135768-N-194693
гинекологический заболевание	10209-N-677334
гинекологический патология	10209-N-122313
субстанция	154985-N-204541
фармацевтический субстанция	154985-N-213077
химический субстанция	154985-N-761736
ингаляционный воздействие	9698-N-121126
ингаляция	9698-N-121132
радиолог	149780-N-182536
прострел поясница	110238-N-720071
прострел	110238-N-150274
кастрация	126124-N-171850
выхолащивание	126124-N-196364
оскопление	126124-N-171853
медицинский справка	4953-N-106289
фельдшерский справка	4953-N-113665
медсправка	4953-N-707498
врачебный справка	4953-N-121806
выкидыш	139084-N-119664
алкоголичка	4845-N-132880
забулдыга	4845-N-758342
пропойца	4845-N-685189
алкаш	4845-N-169280
алконавт	4845-N-194769
пьянчужка	4845-N-191153
пьянчуга	4845-N-176854
больной алкоголизм	4845-N-715079
пьяница	4845-N-110309
алкашка	4845-N-191152
лицо с алкогольный зависимость	4845-N-715163
алкоголик	4845-N-100381
детский медицина	5263-N-683710
педиатрия	5263-N-108596
траволечение	9905-N-155223
фитотерапия	9905-N-122696
логопед	5742-N-106005
язва	123981-N-158217
язвочка	123981-N-707477
медицинский часть	1037-N-106295
центр медицина	1037-N-124067
учреждение медицинский помощь	1037-N-115718
санитарный часть	1037-N-123338
медчасть	1037-N-200039
медцентр	1037-N-124074
медучреждение	1037-N-119631
медслужба	1037-N-201996
медсанчасть	1037-N-106341
медсанслужба	1037-N-116398
медицинский учреждение	1037-N-106332
медицинский объединение	1037-N-106323
медицинский центр	1037-N-106314
медицинский орган	1037-N-117094
медицинский служба	1037-N-106288
медицинский организация	1037-N-106280
медико-санитарный учреждение	1037-N-106269
медико-санитарный часть	1037-N-106268
медико-санитарный служба	1037-N-106267
больнично-поликлинический комплекс	1037-N-122788
санчасть	1037-N-687541
лечение минеральный вода	142000-N-215404
бальнеотерапия	142000-N-215403
бальнеолечение	142000-N-118426
гипотония	123979-N-167621
трансплантология	129926-N-123171
стригущий лишай	110633-N-709493
лишай	110633-N-141582
распространение зараза	116741-N-748552
заражение	116741-N-138378
физиопроцедура	152599-N-742975
физиотерапевтический процедура	152599-N-122437
противовоспалительный средство	132280-N-184744
противовоспалительный препарат	132280-N-184743
противовоспалительный лекарственный средство	132280-N-688505
противовоспалительный лекарство	132280-N-688506
вирусоносительница	8036-N-191211
вирусоноситель	8036-N-101555
носитель вирус	8036-N-699806
противопоказание	4439-N-176492
медицинский противопоказание	4439-N-106326
противопоказанность	4439-N-176493
пациентка	5417-N-119942
пациент	5417-N-108579
инфантилизм	131787-N-183677
инфантильность	131787-N-183678
водолечение	113571-N-134695
гидротерапия	113571-N-167906
контактный линза	126852-N-173481
интраокулярный линза	126852-N-173480
тонометр	150722-N-733260
медицинский инструмент	126891-N-106302
медицинский инструментарий	126891-N-106303
мединструмент	126891-N-124065
инструмент медицинский	126891-N-187124
иммуноглобулин	143648-N-677159
поливитаминный препарат	113194-N-698323
мультивитамин	113194-N-698324
мультивитаминный препарат	113194-N-698326
поливитамин	113194-N-120227
аденоид	114863-N-132794
раковый образование	4391-N-165384
раковый опухоль	4391-N-115388
недоброкачественный образование	4391-N-720090
недоброкачественный опухоль	4391-N-720089
злокачественный образование	4391-N-115278
злокачественный новообразование	4391-N-104030
злокачественный опухоль	4391-N-104029
раковый новообразование	4391-N-690810
рвота	136064-N-195308
блевота	136064-N-195311
сташнивать	136064-N-722161
блевать	136064-N-195309
блевание	136064-N-195310
рвотный акт	136064-N-726090
гомеопат	113149-N-136204
противоэпидемический работа	2065-N-110146
противоэпидемический мероприятие	2065-N-110147
эпидемиологический деятельность	2065-N-114745
противоэпидемический режим	2065-N-110150
микстура	109345-N-142221
анестезиология	5961-N-100436
анестетика	5961-N-118735
эликсир	135700-N-194545
онкологический центр	145230-N-165072
онкоцентр	145230-N-165073
онкологический учреждение	145230-N-165071
заболевание дыхательный путь	145295-N-691506
болезнь дыхательный путь	145295-N-691505
деформирующий артроз	135848-N-741562
остеоартроз	135848-N-741561
артроз	135848-N-194856
простатит	10192-N-120977
воспаление предстательный железа	10192-N-196586
воспаление простата	10192-N-688401
воспаление вена	144943-N-688627
флебит	144943-N-688611
медицинский бальзам	10212-N-124070
бальзам	10212-N-194957
стадия развитие болезнь	143873-N-711693
развитие болезнь	143873-N-678983
стадия болезнь	143873-N-679047
диуретический препарат	136610-N-197242
диуретический средство	136610-N-197243
мочегонный средство	136610-N-197238
мочегонный препарат	136610-N-197239
мочегонный чай	136610-N-216707
диуретик	136610-N-197240
медицинский сотрудник	1044-N-106312
медицинский специалист	1044-N-115008
медичка	1044-N-191401
медперсонал	1044-N-115500
медработник	1044-N-106339
работник здравоохранение	1044-N-110325
медицинский кадр	1044-N-106297
медицинский специальность	1044-N-121773
медик	1044-N-106260
работник лечебный учреждение	1044-N-116523
медицинский работник	1044-N-106311
медицинский персонал	1044-N-106306
лаборант	131269-N-117660
сумасшедший человек	120869-N-742114
безумец	120869-N-737361
псих	120869-N-176571
уход за неизлечимый больной	140400-N-209688
уход за умирающий	140400-N-209689
лечение обреченный больной	140400-N-209690
физический разминка	128655-N-719465
разминка	128655-N-177033
фармацевтический форма	110163-N-680441
лекарственный форма	110163-N-118140
лекформа	110163-N-122586
пинцет	111721-N-147011
электротерапия	113639-N-158051
электролечение	113639-N-158048
лечение электричество	113639-N-197640
проба на допинг	136665-N-204441
антидопинговый контроль	136665-N-199802
борьба с допинг	136665-N-199803
запрет допинг	136665-N-208568
запрещение допинг	136665-N-199804
контроль на допинг	136665-N-197378
проверка на допинг	136665-N-208566
бородавка на кожа	125387-N-744516
бородавка	125387-N-170220
офтальмология	5264-N-108355
клещевой энцефалит	3338-N-104883
таежный энцефалит	3338-N-168313
диарея	110367-N-196872
жидкий стул	110367-N-736569
понос	110367-N-148244
расстройство стул	110367-N-722697
тромбофлебит	7392-N-113141
аллерголог	124978-N-169508
прокаженная	113059-N-149892
больной проказа	113059-N-671695
прокаженный	113059-N-149893
фитнесс	142331-N-669652
фитнес	142331-N-216442
занятие фитнес	142331-N-674099
болезненный бред	117396-N-748989
бред	117396-N-133889
ветряной оспа	112670-N-134394
ветрянка	112670-N-168507
антибиотик	1070-N-100444
неинфекционный болезнь	3534-N-122224
неинфекционный заболевание	3534-N-107500
онколог	8491-N-115415
снохождение	114938-N-153418
лунатизм	114938-N-141726
сомнамбулизм	114938-N-153641
синусит	9683-N-120975
физиотерапевт	9029-N-117566
фармфабрика	8174-N-165215
химфармкомбинат	8174-N-700827
фармацевтический завод	8174-N-167673
фармзавод	8174-N-700823
фармацевтический предприятие	8174-N-113600
фармпредприятие	8174-N-700337
химфармзавод	8174-N-687616
мышечный некроз	124613-N-189827
отмирание	124613-N-187794
омертвение	124613-N-168847
некроз ткань	124613-N-189826
некроз	124613-N-189825
мигрень	110150-N-142209
медпункт	4934-N-106338
медицинский пункт	4934-N-106310
здравпункт	4934-N-122542
хирург	1046-N-113987
одышка	133318-N-187499
рентгеновский изображение	113532-N-704540
рентгенограмма	113532-N-151740
рентгеновский снимок	113532-N-197659
слабительный средство	132805-N-199196
слабительное	132805-N-186077
лаксатив	132805-N-186078
атипичный пневмония	140909-N-211764
торс	140909-N-155186
оториноларингология	9554-N-122617
отоларингология	9554-N-120277
зубопротезный помощь	4779-N-104076
зуботехнический работа	4779-N-122308
вставление зуб	4779-N-215883
зубной протезирование	4779-N-104074
вставка зуб	4779-N-215882
зубопротезирование	4779-N-104075
протезирование зуб	4779-N-705429
простукивание	114870-N-150283
выстукивание	114870-N-196330
перкуссия	114870-N-744711
опухоль	4392-N-108141
новообразование	4392-N-188632
медицинский оборудование	2977-N-106320
лечебно-диагностический аппаратура	2977-N-116984
лечебный оборудование	2977-N-105864
медаппаратура	2977-N-124059
медицинский аппаратура	2977-N-119472
медицинский техника	2977-N-106292
медицинский аппарат	2977-N-106299
медицинский прибор	2977-N-106309
электромедоборудование	2977-N-192353
электромедицинский аппаратура	2977-N-123244
медтехника	2977-N-106343
медоборудование	2977-N-116266
медицинский электроприбор	2977-N-121849
медицинский имущество	2977-N-106317
нейролептический препарат	9132-N-218078
нейролептик	9132-N-205818
бензодиазепин	9132-N-218081
транквилизатор	9132-N-117880
депрессия	142357-N-136761
депрессивность	142357-N-181600
депрессивный расстройство	142357-N-216601
депрессивный состояние	142357-N-181598
нервный депрессия	142357-N-719530
спид	1056-N-111920
иммунодефицит человек	1056-N-104190
вич спид	1056-N-712038
вич-инфекция	1056-N-101566
синдром приобрести иммунодефицит	1056-N-117578
патологоанатом	8754-N-116393
прозекторша	8754-N-191926
прозектор	8754-N-149849
запрещенный препарат	138380-N-204442
косметический операция	144594-N-685290
настойка	115056-N-143263
чувство боль	110237-N-720070
физический боль	110237-N-122787
болезненный ощущение	110237-N-729477
боль	110237-N-133796
ощущение боль	110237-N-720073
болевой ощущение	110237-N-720069
физический страдание	110237-N-123143
иммунолог	112048-N-139216
фармпроизводство	5659-N-165214
фармация	5659-N-113602
производство лекарство	5659-N-110001
аптечный работа	5659-N-715111
производство медикамент	5659-N-115290
выпуск лекарство	5659-N-102144
выпуск медикамент	5659-N-217822
галенофармацевтический производство	5659-N-122464
изготовление лекарство	5659-N-104110
фармацевтика	5659-N-113591
фармацевтический деятельность	5659-N-113592
панкреатит	9489-N-119940
воспаление поджелудочный железа	9489-N-679757
шейпинг	142320-N-216411
медицинский товар	1068-N-120928
медицинский продукция	1068-N-106283
товар медицинский назначение	1068-N-715109
медицинский изделие	1068-N-106316
лечебный продукция	1068-N-121178
изделие медицинский назначение	1068-N-104127
медицинский средство	1068-N-106327
продукция медицинский назначение	1068-N-109928
медтовар	1068-N-124073
чага	110141-N-157186
березовый гриб	110141-N-181465
болезнь система кровь	8093-N-186254
болезнь кровеносный система	8093-N-186637
заболевание кровь	8093-N-211913
болезнь кроветворный орган	8093-N-182522
болезнь кровь	8093-N-101077
простуда	8804-N-116629
простудный заболевание	8804-N-116327
малярия	9023-N-117556
малярийный инфекция	9023-N-118905
хирургический инструментарий	126892-N-118863
хирургический инструмент	126892-N-215171
угар	116796-N-155661
преподавательница физкультура	134833-N-205185
физрук	134833-N-192108
физкультурница	134833-N-181870
физкультурник	134833-N-116856
учитель физкультура	134833-N-192107
преподаватель физкультура	134833-N-202226
особый условие труд	3796-N-108260
опасный условие труд	141121-N-179837
опасный для здоровье условие труд	141121-N-683996
опасный производственный условие	141121-N-683999
опасный производственный фактор	141121-N-683998
работа в опасный условие	141121-N-683997
профилактический препарат	4724-N-110198
профилактический средства	4724-N-110197
санитария	1052-N-111127
санитарный обработка	1052-N-111133
санитарный очистка	1052-N-111135
гигиена	1052-N-102422
санобработка	1052-N-685213
вакцина	4032-N-101279
вакцинный препарат	4032-N-101282
хирургический оборудование	145220-N-690769
оборудование для хирургия	145220-N-690771
операционный оборудование	145220-N-690770
катар	109296-N-129126
медицинский академия	129164-N-124072
медицинский институт	129164-N-178190
медакадемия	129164-N-124058
медвуз	129164-N-673791
мединститут	129164-N-124064
медицинский вуз	129164-N-106300
высший медицинский школа	129164-N-719428
медуниверситет	129164-N-178191
медицинский университет	129164-N-178192
аритмия	125067-N-169647
сердечный аритмия	125067-N-744292
перебой в ритм сердце	125067-N-746531
перебой в работа сердце	125067-N-746533
нарушение сердечный ритм	125067-N-744293
косметолог	111547-N-140764
гидромассаж	126904-N-173576
болезнь передавать половой путь	131263-N-182528
заболевание передаваемый половой путь	131263-N-182515
карантин	3869-N-104675
изоляция больной	3869-N-743355
карантинирование	3869-N-124156
карантинный мероприятие	3869-N-104678
карантинный мера	3869-N-119005
карантинный режим	3869-N-117492
гомеопатия	8159-N-102511
гомеопатический лечение	8159-N-723986
гомеотерапия	8159-N-196582
лечебно-профилактический продукт	1067-N-702371
лекарственный продукция	1067-N-105723
лекарственный вещество	1067-N-120691
лекарственный средство	1067-N-105729
химико-фармацевтический продукция	1067-N-118698
фармпрепарат	1067-N-736924
фармацевтический продукт	1067-N-113598
фармацевтический препарат	1067-N-113597
фармацевтический продукция	1067-N-113594
фармакологический средство	1067-N-113587
терапевтический препарат	1067-N-112748
средство для лечение	1067-N-702372
снадобье	1067-N-192826
препарат для лечение	1067-N-185130
препарат	1067-N-119323
медпрепарат	1067-N-106337
медицинский препарат	1067-N-106308
медикаментозный средство	1067-N-115920
медикамент	1067-N-106261
лечебный препарат	1067-N-105871
лекарственный препарат	1067-N-105732
лечебно-профилактический препарат	1067-N-105858
лечебно-диагностический препарат	1067-N-122225
лекарство	1067-N-105733
лекарственный продукт	1067-N-702370
работа в полевой условие	7614-N-110316
полевой работа	7614-N-109124
лечебный средство	6514-N-105867
медицинский средство	6514-N-106327
профзаболевание	2033-N-110194
профессиональный патология	2033-N-116827
профпатология	2033-N-110207
профессиональный болезнь	2033-N-194811
профессиональный заболевание	2033-N-110175
фтизиатр	9908-N-122704
токсиколог	123976-N-167614
столбняк	3214-N-112140
болезнь альцгеймер	141541-N-213978
синдром альцгеймер	141541-N-213981
ремиссия болезнь	146772-N-708905
ремиссия	146772-N-708906
история болезнь	136503-N-179025
больничный карта	136503-N-214583
отравление пищевой продукт	4325-N-685086
отравление пища	4325-N-685085
отравление продукт питание	4325-N-685087
пищевой токсикоинфекция	4325-N-745294
пищевой отравление	4325-N-108819
токсикоинфекция	4325-N-745293
имплантация	8188-N-104198
гематология	8642-N-116058
гимнастический упражнение	110995-N-135988
удушье	135455-N-193480
асфиксия	135455-N-194903
кодирование	131925-N-196443
кодирование от зависимость	131925-N-723431
кодирование зависимость	131925-N-723432
медицинский кодирование	131925-N-742470
грелка	126845-N-173467
медсестричка	5758-N-710924
сестричка	5758-N-216988
медицинский сестра	5758-N-106287
сестра милосердие	5758-N-152703
медсестра	5758-N-106342
метастаз	124412-N-168462
сыпь	109860-N-154702
препарат корень растение	148108-N-716019
препарат из корень растение	148108-N-716018
фаза обострение	142126-N-712763
обострение	142126-N-174502
стадия обострение	142126-N-712762
обострение болезнь	142126-N-215773
шина	146537-N-123229
медицинский шина	146537-N-707947
ожоговый отделение	9260-N-690732
ожоговый центр	9260-N-118725
эпидемиолог	8584-N-115837
аллергия	109068-N-100392
аллергологический реакция	109068-N-122413
аллергический заболевание	109068-N-120651
аллергический состояние	109068-N-122318
аллергический реакция	109068-N-100390
лежачий больной	151774-N-738599
охрана труд	898-N-108398
тиф	3102-N-112848
экстракционный препарат	145920-N-702507
галеновый препарат	145920-N-122312
диспансер	2917-N-103187
вурдалак	111317-N-192430
упырь	111317-N-156118
вампир	111317-N-134155
природный бальзам	146028-N-703222
бальзам	146028-N-194957
капельница	9804-N-121602
варикоз	129712-N-179372
варикозный расширение вена	129712-N-179371
варикоз вена	129712-N-179373
сальмонеллез	7528-N-111095
ржавчина растение	152761-N-744080
ржавчина	152761-N-151809
процедурный кабинет	142120-N-215750
высыпание	124454-N-135700
появление сыпь	124454-N-741807
радиотерапевт	9030-N-704551
рентгенолог	9030-N-117573
больная	4846-N-205079
больной человек	4846-N-101091
больной гражданин	4846-N-116833
заболевший	4846-N-181881
оборудование для уход за больной	9027-N-117560
предмет уход за больной	9027-N-173468
психиатрический больница	4653-N-110228
дурдом	4653-N-193727
психиатрический стационар	4653-N-110231
клиника для душевнобольной	4653-N-689263
психлечебница	4653-N-699972
психбольница	4653-N-167968
психиатрический лечебница	4653-N-121821
сумасшедший дом	4653-N-196727
психиатрический клиника	4653-N-689262
психушка	4653-N-193917
больница для душевнобольной	4653-N-689264
минздравмедпром	5106-N-106679
минздрав	5106-N-106678
министерство здравоохранение	5106-N-106694
клептоманка	121136-N-163593
клептоман	121136-N-163592
пастеризация	5732-N-108547
ишемия	8509-N-119867
ишемический болезнь сердце	8509-N-753541
ишемический болезнь	8509-N-115496
стационарный лечебный учреждение	113278-N-112093
медицинский стационар	113278-N-121771
стационар	113278-N-112092
стационарный учреждение	113278-N-715103
судебно-психиатрический экспертиза	5573-N-112325
анестезирование	9473-N-123597
анестезирующий действие	9473-N-681010
анестезия	9473-N-100437
гастроэнтерология	9228-N-118429
лечебно-оздоровительный объединение	1038-N-105854
лечебный учреждение	1038-N-105868
лечебный заведение	1038-N-105863
лечебный комплекс	1038-N-721389
лечебно-оздоровительный учреждение	1038-N-105855
психиатрический диспансер	7421-N-122258
психдиспансер	7421-N-119949
психо-неврологический диспансер	7421-N-122892
психоневрологический диспансер	7421-N-110254
психодиспансер	7421-N-165266
прыщ	109334-N-150452
прыщик	109334-N-707697
речевой нарушение	133856-N-188711
дефект речь	133856-N-182520
нарушение речь	133856-N-188702
расстройство речь	133856-N-741559
речевой расстройство	133856-N-741560
анатомический театр	5076-N-208117
покойницкая	5076-N-205959
морг	5076-N-106927
иммунитет к болезнь	117705-N-725635
невосприимчивость к болезнь	117705-N-725636
иммунитет	117705-N-118822
иммунитет к инфекция	117705-N-725634
акушерка	124145-N-116539
повивальный бабка	124145-N-205765
диетология	10056-N-122526
диетика	10056-N-136892
электрокардиостимулятор	132283-N-184748
кардиостимулятор	132283-N-192995
кардиология	5804-N-104689
кардиоревматология	5804-N-724934
эндокринолог	9919-N-122721
миопия	9400-N-119852
минусовой зрение	9400-N-214399
близорукость	9400-N-119679
наркоз	8216-N-107202
общий анестезия	8216-N-119899
стимулирующий препарат	138379-N-204439
стимулятор	138379-N-192993
стимулирующий средство	138379-N-204443
стимулирующий вещество	138379-N-732443
заживление рана	118095-N-734842
заживление	118095-N-748666
телемедицина	147007-N-711039
военно-медицинский служба	3964-N-101813
военно-медицинский учреждение	3964-N-101814
военно-медицинский часть	3964-N-116988
военный лечебный заведение	3964-N-194086
военный лечебный учреждение	3964-N-194087
военно-лечебный учреждение	3964-N-101812
ординатура	4690-N-108212
клинический ординатура	4690-N-678388
лечебный прогревание	128319-N-742970
лечение прогревание	128319-N-742972
прогревание больной	128319-N-742971
припарка	128319-N-176231
прогревание больной место	128319-N-742973
аневризма	153474-N-749036
костыль для передвижение	131991-N-735883
костыль	131991-N-184194
костыль для ходьба	131991-N-735882
инвалидный костыль	131991-N-709306
обморок	133077-N-186709
обморочный состояние	133077-N-186711
лечение зуб	8883-N-202275
стоматологический помощь	8883-N-116919
зубоврачебный дело	8883-N-210407
лечение заболевание полость рот	8883-N-679464
дисфункция орган	136609-N-707865
дисфункция	136609-N-197231
нарушение функция	136609-N-197233
полевой военный госпиталь	136758-N-698149
полевой госпиталь	136758-N-197871
военно-полевой госпиталь	136758-N-698150
спортбаза	143475-N-121692
спорткомплекс	143475-N-111966
дворец спорт	143475-N-102869
спортивный комплекс	143475-N-111961
спортгородок	143475-N-121694
спортцентр	143475-N-674180
спортивный база	143475-N-111940
спортивный центр	143475-N-111965
москит	9774-N-121072
кондом	126870-N-199333
презерватив	126870-N-122638
грудной жаба	109990-N-136470
стенокардия	109990-N-115497
гипертонический болезнь	9407-N-119686
артериальный гипертензия	9407-N-167620
гипертонический криз	9407-N-122281
гипертония	9407-N-119856
паранойя	110468-N-146138
параноидальный психоз	110468-N-217332
малокровие	8094-N-106114
анемия	8094-N-100435
тромбоз	115124-N-155376
мазь	132235-N-141818
лекарственный мазь	132235-N-184689
микрохирургия	3124-N-106656
эндокринология	7970-N-114709
гангрена	3729-N-102286
омертвение конечность	3729-N-747426
гельминт	124017-N-167689
глист	124017-N-136060
глиста	124017-N-136061
гемодиализ	136318-N-187249
диализ	136318-N-196875
почечный гемодиализ	136318-N-723375
диализ почка	136318-N-196876
почечный диализ	136318-N-196878
тошнота	127631-N-175419
подташнивание	127631-N-198860
запрещенный стимулирующий препарат	126089-N-204440
допинг	126089-N-171740
допинговый средство	126089-N-723370
служба скорый помощь	151375-N-736018
служба скорый медицинский помощь	151375-N-736017
свиной грипп	150035-N-730046
донорство	7617-N-103355
донорский помощь	7617-N-122056
шаман	129545-N-179041
шаманка	129545-N-191851
сеть аптека	129934-N-184097
аптечный система	129934-N-122760
аптечный сеть	129934-N-121894
аптечный служба	129934-N-121891
спертый воздух	129739-N-179433
спертость	129739-N-185995
духота	129739-N-179431
кариес	5423-N-104690
рентгенология	113534-N-151743
наркология	10105-N-121264
мост	132708-N-106976
искусственный челюсть	132708-N-210043
челюсть	132708-N-157255
вставной челюсть	132708-N-210042
зубной мост	132708-N-185823
оспа	3464-N-108262
томография	9861-N-121656
томографический исследование	9861-N-217690
томографический сканирование	9861-N-217691
народный медицина	7784-N-107217
целительство	7784-N-114151
лечение народный средство	7784-N-722333
миома	9478-N-119896
лейкоз	6259-N-105720
миеломный болезнь	6259-N-111164
рака кровь	6259-N-110529
белокровие	6259-N-100899
лейкемия	6259-N-105719
холецистит	9493-N-119963
алкогольный психоз	115333-N-182529
белый горячка	115333-N-133462
перевязывание	111428-N-146384
перевязка рана	111428-N-752058
перевязка	111428-N-146383
наложение повязка	111428-N-683979
постельный режим	9821-N-121223
ацетилсалициловый кислота	129939-N-677353
аспирин	129939-N-124869
показатель заболеваемость	2947-N-713109
заболеваемость	2947-N-103677
трусца	140335-N-155414
бег трусца	140335-N-209530
упражнение с предмет	152067-N-740314
колющий боль	119526-N-712018
колотье	119526-N-183945
болезнетворный организм	146293-N-704778
возбудитель инфекция	146293-N-705250
возбудитель инфекционный болезнь	146293-N-101907
зараза	146293-N-138380
патогенный микроорганизм	146293-N-121018
инфекция	146293-N-104374
болезнетворный микроорганизм	146293-N-121019
свеча	114192-N-152408
лекарственный свеча	114192-N-670503
свечка	114192-N-152412
суппозиторий	114192-N-670504
маммография	138978-N-205588
психиатрический помощь	7103-N-110229
анестезиолог	9786-N-121431
гонорея	8510-N-115503
триппер	8510-N-155361
противоядие	9189-N-150348
антидотный средство	9189-N-118326
антидот	9189-N-118314
инфаркт	112579-N-119738
изжога	126321-N-167941
косметология	111546-N-122577
драже	144724-N-137250
экзема	109331-N-158000
мокнущий лишай	109331-N-709494
онкологический отделение	8861-N-690817
онкодиспансер	8861-N-165069
онкологический больница	8861-N-690815
онкологический клиника	8861-N-690816
онкоцентр	8861-N-165073
онкологический диспансер	8861-N-116832
плацебо	136976-N-199302
психоаналитик	136668-N-167972
фейслифтинг	138079-N-697868
подтяжка лицо	138079-N-203255
меланома	9649-N-120664
рак кожа	9649-N-120663
грязь для лечение	4954-N-710983
грязи	4954-N-102830
лечебный грязь	4954-N-105849
дифтерит	4359-N-136954
дифтерия	4359-N-103214
капсула	115471-N-139731
лекарственный капсула	115471-N-744181
облатка	115471-N-144036
желатиновый капсула	115471-N-215846
диетпитание	4230-N-122527
диетический питание	4230-N-103128
диета	4230-N-103125
лечебно-профилактический питание	4230-N-105859
болеутоляющий действие	117639-N-681124
болеутоление	117639-N-681123
обезболивающий действие	117639-N-681008
обезболивание	117639-N-107744
сексолог	124585-N-168801
кифоз	143085-N-671698
дезинсекционный работа	4759-N-122233
дезинсекция	4759-N-102899
медико-санитарный помощь	1062-N-106266
услуга здравоохранение	1062-N-187069
медицинский мера	1062-N-121767
врачебный помощь	1062-N-102049
медицинский уход	1062-N-106313
медико-оздоровительный услуга	1062-N-120924
медицинский наблюдение	1062-N-106318
медицинский обеспечение	1062-N-204004
медицинский помощь	1062-N-106282
медицинский обслуживание	1062-N-106322
медицинский деятельность	1062-N-106276
медобслуживание	1062-N-106336
медпомощь	1062-N-120929
медуслуга	1062-N-179891
медицинский услуга	1062-N-106294
угорь	109333-N-113343
пластический операция	113873-N-147109
пластика	113873-N-162348
анальгетический препарат	135821-N-196567
анальгетик	135821-N-194796
парацетамол	141530-N-213950
парафармацевтика	147740-N-715112
гимнастика	5648-N-102470
дефибрилляция	136420-N-196856
кровосос	122222-N-166054
инфекционный и паразитарный болезнь	136228-N-195859
маньяк	132245-N-184708
маньячка	132245-N-191394
маммология	138981-N-205601
работник физический культура	135277-N-193131
работник физический культура и спорт	135277-N-691700
работник физкультура и спорт	135277-N-691701
чувство тяжесть	148386-N-720121
болезненный тяжесть	148386-N-720123
тяжесть	148386-N-155560
ощущение тяжесть	148386-N-720120
женский консультация	4941-N-103555
лунатичка	114939-N-191390
лунатик	114939-N-141727
сомнамбула	114939-N-153640
аппендицит	111184-N-133030
воспаление брюшина	109812-N-195400
перитонит	109812-N-146855
фтизиатрия	113479-N-122705
дерматит	136417-N-196825
воспаление кожа	136417-N-196826
снотворный средство	9131-N-672099
лекарство от бессонница	9131-N-672100
снотворный препарат	9131-N-672101
гинекология	8441-N-115248
ординатор	115427-N-123029
болезнь почка	9454-N-119816
почечный синдром	9454-N-123977
витаминный препарат	146508-N-116956
витамин	146508-N-101559
витаминный комплекс	146508-N-707805
гепатит	4030-N-102401
желтуха	4030-N-137579
кислородный терапия	148622-N-721401
оксигенотерапия	148622-N-721402
кислородотерапия	148622-N-721400
дисбактериоз	132281-N-184746
фармакология	1071-N-113588
фармацевтический наука	1071-N-113593
лечебный ванна	129698-N-729786
ванна	129698-N-134161
анамнестический сведение	9451-N-123946
анамнез	9451-N-119707
медицинский анамнез	9451-N-121768
врожденный порок развитие	147471-N-670477
врожденный порок	147471-N-123569
кишечный палочка	146261-N-705107
патогенный кишечный палочка	146261-N-705106
подкладный судно	120914-N-195347
судно	120914-N-112354
йод	131850-N-104533
йодный раствор	131850-N-183795
раствор йод	131850-N-214464
инкубационный период	126344-N-120630
инкубация	126344-N-172429
полоскание	153577-N-164018
медицинский карта	9872-N-119186
медкарта	9872-N-700757
обменный карта	9872-N-715402
йодирование	131853-N-183799
горб	125928-N-171413
горб на спина	125928-N-727126
наркологический больной	141111-N-212296
лицо с наркологический расстройство	141111-N-212295
наркологический пациент	141111-N-212297
медвытрезвитель	4949-N-115575
вытрезвитель	4949-N-102185
медицинский вытрезвитель	4949-N-106301
абсцесс	112450-N-121954
грязелечение	129699-N-678980
грязевой процедура	129699-N-179355
грязетерапия	129699-N-678981
грязевой ванна	129699-N-179356
раненый лицо	8406-N-118722
терапевт	1066-N-112746
автоклавирование	129896-N-121989
лечение в больница	5389-N-209220
госпитальный лечение	5389-N-102606
стационарный лечение	5389-N-112094
больничный обслуживание	5389-N-101086
больничный лечение	5389-N-209221
стационарный медицинский обслуживание	5389-N-122097
лечение в стационар	5389-N-727305
пластический хирург	145273-N-691288
рецепт	3081-N-151785
рецепт на лекарство	3081-N-203932
рецепт врач	3081-N-110842
медицинский рецепт	3081-N-173470
пластический хирургия	10123-N-123051
медкомиссия	141663-N-214343
медицинский комиссия	141663-N-214342
терапевтический метод	1065-N-719552
терапевтический коррекция	1065-N-122314
терапевтический курс	1065-N-184846
восстановительный терапия	1065-N-119476
терапия	1065-N-112749
лекарственно-растительный сырье	7474-N-120690
лекарственный растительный сырье	7474-N-105728
лекарственный сырье растительный происхождение	7474-N-715971
детский болезнь	10055-N-122786
детский заболевание	10055-N-208419
токсин	4570-N-112901
биотоксин	4570-N-715353
лаборант медицинский учреждение	132794-N-186053
интернатура	124410-N-168460
медицинский оптика	3471-N-108417
паллиативный медицина	123681-N-167059
поражение мозг	7505-N-676992
болезнь головной мозг	7505-N-676993
болезнь мозг	7505-N-101078
спазма	114693-N-153862
спазм	114693-N-153861
конвульсия	114693-N-140503
судорога	114693-N-123458
санитарно-карантинный контроль	4803-N-111142
карантинный инспекция	4803-N-123966
санитарно-карантинный мероприятие	4803-N-124099
карантинный формальность	4803-N-119006
карантинный досмотр	4803-N-104682
карантинный проверка	4803-N-118112
карантинный контроль	4803-N-104683
карантинный надзор	4803-N-123970
бандаж	116865-N-133259
медицинский бандаж	116865-N-699897
бандажный изделие	116865-N-688633
лечебно-бандажный изделие	116865-N-688635
родовспомогательный учреждение	4449-N-110884
родильный дом	4449-N-110877
роддом	4449-N-110875
акушерский пункт	4449-N-120211
учреждение родовспоможение	4449-N-115614
санитарно-эпидемиологический мероприятие	146201-N-704953
лекарственный вид растение	2937-N-715956
лекарственный растение	2937-N-105727
лекарственный флора	2937-N-715955
ортопедический изделие	4218-N-108226
изделие ортопедический назначение	4218-N-691330
ортопедический товар	4218-N-691332
товар ортопедический назначение	4218-N-691331
ортопедический продукция	4218-N-669660
ортопедический оборудование	4218-N-691333
пульмонолог	144301-N-681296
ингалятор	112055-N-139239
кофеин	9050-N-117626
ангина	9682-N-120974
грыжа	9869-N-121790
грыжевой выпячивание	9869-N-121791
ожирение	144734-N-174613
прямой массаж сердце	133287-N-187448
массаж сердце	133287-N-187447
марля	5751-N-106155
эмболия	136755-N-197835
остановка кровь	148860-N-722703
остановка кровотечение	148860-N-722699
наркоман	7788-N-107203
наркопотребитель	7788-N-202696
лицо с наркологический зависимость	7788-N-715164
наркобольная	7788-N-202695
наркоманка	7788-N-125335
наркопотребление	7788-N-202697
пользователь наркотик	7788-N-125354
потребитель наркотик	7788-N-115729
больной наркомания	7788-N-121320
сердечник	110224-N-152655
сердечный больной	110224-N-671138
сердечница	110224-N-191702
нытье	150577-N-163767
щемление	150577-N-183336
ноющий боль	150577-N-732731
зубоврачевание	5184-N-118958
стоматология	5184-N-112152
инфузионный терапия	9805-N-121609
инфузия	9805-N-121567
пониженный слух	6962-N-752094
тугоухость	6962-N-178516
потеря слух	6962-N-115567
понижение острота слух	6962-N-214466
ослабление слух	6962-N-178517
нарушенный слух	6962-N-752093
нарушение слух	6962-N-107259
дефект слух	6962-N-116319
глухота	6962-N-118876
акробатический трюк	137737-N-202351
протезирование	4624-N-110083
протезный помощь	4624-N-110085
коклюш	4362-N-104948
работа в сверхурочный время	7000-N-110317
сверхурочный работа	7000-N-111224
психиатрический освидетельствование	4705-N-110234
психиатрический экспертиза	4705-N-110230
аденовирус	135772-N-194701
холера	3073-N-114068
хронический течение	2283-N-736273
хронический болезнь	2283-N-114105
хронический заболевание	2283-N-114106
токсикология	6202-N-112897
кандидозный стоматит	109020-N-216538
молочница	109020-N-142403
биопсия	6161-N-101001
оздоровительный гимнастика	131481-N-705339
физический зарядка	131481-N-204974
утренний гимнастика	131481-N-749018
физзарядка	131481-N-707840
зарядка	131481-N-138412
утренний зарядка	131481-N-182998
лепрозорный учреждение	9472-N-724531
лепрозорий	9472-N-119887
аптека	1036-N-100489
аптечный предприятие	1036-N-121890
аптечный учреждение	1036-N-100491
аптечный организация	1036-N-116574
аптечный киоск	1036-N-673810
фармацевтический организация	1036-N-213699
аптечный пункт	1036-N-121892
предприятие аптечный сеть	1036-N-117042
палочка	112546-N-146067
бацилла	112546-N-118880
палочковидный бактерия	112546-N-194925
сальто	110949-N-152201
сальто-мортале	110949-N-152202
отит	8776-N-116383
чума	113568-N-157498
бальнеология	8120-N-100746
врачебный кадр	1045-N-123580
эскулап	1045-N-158119
докторша	1045-N-708136
доктор	1045-N-137097
врачиха	1045-N-135038
врачебный персонал	1045-N-123582
врач	1045-N-102047
эндоскопический аппаратура	9333-N-119217
лапароскоп	9333-N-121607
эндоскоп	9333-N-121611
прекурсор	138032-N-203167
кризис болезнь	146935-N-710618
кризис	146935-N-172847
отек	110825-N-145366
газ в кишечник	141880-N-214959
метеоризм	141880-N-214958
шунтирование сосуд	154462-N-757198
шунтирование	154462-N-197174
флюорографический обследование	9766-N-120024
флюорография	9766-N-121375
флюрография	9766-N-156652
флюорографический осмотр	9766-N-165256
плоскостопие	137570-N-201733
светолечение	113976-N-152407
фототерапия	113976-N-176715
зеленка	153574-N-749808
кардиохирург	126783-N-173343
иммунопрофилактика	7514-N-104195
иммунизация	7514-N-104184
диагностика заболевание	115463-N-196868
диагностика болезнь	115463-N-196866
постановка диагноз	115463-N-756393
диагностика состояние здоровье	115463-N-210431
диагностирование	115463-N-136851
диагносцирование	115463-N-709421
медицинский диагностика	115463-N-121433
диагностика	115463-N-136850
манеж	146493-N-173089
спортивный манеж	146493-N-707721
крытый манеж	146493-N-707723
психотерапия	7918-N-110258
психотерапевтический помощь	7918-N-122059
чесотка	108841-N-124940
паралич	5567-N-108465
онкологический заболевание	4035-N-108073
онкологический процесс	4035-N-690807
раковый процесс	4035-N-690809
раковый заболевание	4035-N-110554
рак	4035-N-110528
онкопроцесс	4035-N-690808
злокачественный процесс	4035-N-121787
канцер	4035-N-139698
онкозаболевание	4035-N-165070
радикулит	112828-N-150677
невролог	111252-N-143434
душевнобольной	111236-N-103476
психопатка	111236-N-191666
психический больной человек	111236-N-184709
психический больной	111236-N-150489
психопат	111236-N-191665
механический орган	9049-N-187669
искусственный орган	9049-N-116003
туберкулез	4727-N-113213
рахит	9238-N-118605
поликлиника	1043-N-109147
амбулатория	1043-N-100413
поликлинический учреждение	1043-N-109149
клинический база	3046-N-211626
клиника	3046-N-104889
клинический центр	3046-N-119086
клинический больница	3046-N-104891
чешуйчатый лишай	137082-N-199709
псориаз	137082-N-199708
стоматолог	8771-N-116500
дантист	8771-N-136597
зубной врач	8771-N-117543
пиявка	108894-N-147057
пиявочка	108894-N-177256
бельмо на глаз	115335-N-742763
бельмо	115335-N-133495
способ лечение	7529-N-121180
метод лечение	7529-N-106591
медицинский практика	7529-N-106827
медицинский методика	7529-N-118356
клинический практика	7529-N-104892
онкологический больной	145229-N-690811
раковый больной	145229-N-690813
онкобольной	145229-N-690812
больной рак	145229-N-690814
упражнение для растяжка	153540-N-749500
упражнение на растяжка	153540-N-749499
растяжка	153540-N-167520
сиделка	9026-N-117559
гематолог	137006-N-199453
клоп	114764-N-140163
хирургический нож	143075-N-671650
лечебный форма растение	147992-N-715829
катаракта	8705-N-116192
пломбирование	127557-N-175268
пломбирование зуб	127557-N-685688
инфлюэнца	8161-N-188489
грипп	8161-N-102781
гельминтоз	8641-N-116057
глистный заболевание	8641-N-688842
глистный инвазия	8641-N-202400
воспаленность	125738-N-170950
твердый лекарственный форма	151820-N-738970
техника безопасность	3100-N-112791
правило безопасность	3100-N-674594
правило техника безопасность	3100-N-674593
доброкачественный образование	144274-N-736457
доброкачественность	144274-N-161613
доброкачественный новообразование	144274-N-681203
доброкачественный опухоль	144274-N-681202
нейтронный терапия	6087-N-119475
лучевой терапия	6087-N-106043
медицинский рентгенорадиологический процедура	6087-N-119245
медицинский облучение	6087-N-106319
радиотерапия	6087-N-713145
искусственный зуб	8560-N-122289
зуботехнический продукция	8560-N-120320
зубной протез	8560-N-115648
вставной зуб	8560-N-724424
гинеколог	8636-N-115954
противозачаточный средство	7859-N-110105
контрацептив	7859-N-105276
полип слизистый оболочка	128086-N-725862
полип	128086-N-148048
эфедрин	136907-N-198767
псевдоэфедрин	136907-N-203138
министерство здравоохранение и социальный развитие	142595-N-217385
воздушный ванна	125112-N-169728
санитарка	9025-N-111126
санитар	9025-N-116063
няня	9025-N-163765
нянечка	9025-N-174404
головневый заболевание	9803-N-689897
головня	9803-N-121610
воспалительный процесс	108862-N-167895
воспаление	108862-N-134919
зонд	139201-N-138855
медицинский зонд	139201-N-206582
инъекция	9444-N-119739
вливание	9444-N-196640
введение раствор	9444-N-721315
инъекция лекарство	9444-N-729787
укольчик	9444-N-742692
укол	9444-N-155881
цинга	109552-N-157149
вирус	1049-N-101549
лечебно-профилактический учреждение	3329-N-105860
лечпрофучреждение	3329-N-122591
лечебно-профилактический предприятие	3329-N-122976
ломота	132185-N-184575
тупой боль	132185-N-720074
вымывание из организм	149923-N-729376
вымывание	149923-N-701814
респираторный вирусный заболевание	9224-N-691498
острый респираторный заболевание	9224-N-118404
острый респираторный вирусный заболевание	9224-N-691494
респираторно-вирусный инфекция	9224-N-691495
острый респираторный инфекция	9224-N-122124
острый респираторный вирусный инфекция	9224-N-691493
острый инфекция дыхательный путь	9224-N-691496
острый инфекция верхний дыхательный путь	9224-N-182511
орви	9224-N-182510
орв	9224-N-182509
респираторно-вирусный заболевание	9224-N-122282
респираторный вирусный инфекция	9224-N-691497
пломба	127556-N-175271
зубной пломба	127556-N-214091
пломба зуб	127556-N-685693
откачивание	133432-N-174864
капли	116375-N-207960
капля	116375-N-139718
медицинский формирование	6324-N-723778
учреждение здравоохранение	6324-N-113549
учреждение общественный здравоохранение	6324-N-117143
пункт первый помощь	10142-N-218050
травмпункт	10142-N-193806
травмотологический пункт	10142-N-193807
травмопункт	10142-N-122689
пункт скорый помощь	10142-N-218049
домашний арена	154697-N-759276
домашний стадион	154697-N-759275
нарушение опорно-двигательный аппарат	9045-N-117608
клиницист	110088-N-140150
врачеватель	134969-N-195949
целитель	134969-N-192423
лекарь	134969-N-192421
врачевательница	134969-N-195950
исцелитель	134969-N-192426
целительница	134969-N-192425
исцелительница	134969-N-192427
санитарный автотранспорт	6034-N-111160
санитарный автомобиль	6034-N-111159
санитарный машина	6034-N-111132
санитарный автомашина	6034-N-111129
ячмень	109003-N-114936
ячмень на глаз	109003-N-206099
глазной ячмень	109003-N-726491
паркинсонизм	127566-N-175295
болезнь паркинсон	127566-N-175294
медицинский экспертиза	2925-N-106296
медицинский освидетельствование	2925-N-106324
амбулаторный освидетельствование	2925-N-120216
медэкспертиза	2925-N-115946
медицинский переосвидетельствование	2925-N-120925
сэс	6199-N-208225
орган санэпиднадзор	6199-N-121918
санитарный учреждение	6199-N-121915
санитарно-профилактический учреждение	6199-N-111146
санитарно-эпидемиологический станция	6199-N-111174
санитарный орган	6199-N-121916
санэпидемслужба	6199-N-123961
санэпидемстанция	6199-N-114694
санэпидслужба	6199-N-121921
санэпидстанция	6199-N-119666
санэпидучреждение	6199-N-121922
эпидемиологический станция	6199-N-114749
станция эпидемнадзор	6199-N-123939
орган госсаннадзор	6199-N-704954
орган госсанэпиднадзор	6199-N-704955
иммунобиологический средство	3646-N-104188
иммунобиологический препарат	3646-N-104187
иммуномодулятор	3646-N-708120
иммунопрепарат	3646-N-104194
иммуномодулирующий препарат	3646-N-711752
иммунокорректор	3646-N-711754
дерматолог	10053-N-122524
дерматовенеролог	10053-N-122525
кожник	10053-N-140252
дермато-венеролог	10053-N-182535
гемофилия	9456-N-119713
несвертываемость кровь	9456-N-119818
провал в сознание	128285-N-737718
потеря сознание	128285-N-176144
простуда	137887-N-116629
губной герпес	137887-N-727605
лихорадка	137887-N-141561
лихорадка на губа	137887-N-202773
простуда на губа	137887-N-202774
антисептика	125029-N-100468
конноспортивный клуб	9324-N-684677
конно-спортивный комплекс	9324-N-119194
конно-спортивный база	9324-N-119193
конноспортивный комплекс	9324-N-684676
облучение кварц	123824-N-677443
кварцевание	123824-N-167357
кварц	123824-N-139947
аллергология	6143-N-100394
гудение	121265-N-136523
кровососущий насекомое	122221-N-166053
зубной поликлиника	149202-N-724536
стоматологический клиника	149202-N-724533
стоматологический поликлиника	149202-N-123958
стоматологический центр	149202-N-724538
стоматология	149202-N-112152
зубной клиника	149202-N-724537
зубной центр	149202-N-724539
зубоврачебный клиника	149202-N-724534
зубоврачебный поликлиника	149202-N-724535
зубоврачебный центр	149202-N-724540
санаторно-курортный обеспечение	2930-N-725441
санаторно-курортный оздоровление	2930-N-117834
санкурлечение	2930-N-700430
амбулаторно-курортный лечение	2930-N-121826
курортно-амбулаторный лечение	2930-N-121827
курортный лечение	2930-N-111118
санаторный лечение	2930-N-111121
санаторно-курортный помощь	2930-N-117680
санаторно-курортный лечение	2930-N-105640
трансплантологический помощь	7278-N-122057
трансплантация человеческий орган	7278-N-218107
трансплантация ткань	7278-N-218105
трансплантация орган	7278-N-218106
трансплантация	7278-N-113052
пересадка ткань	7278-N-218104
пересадка орган	7278-N-108701
медицинский трансплантация	7278-N-218103
санаторно-курортный организация	1042-N-117799
здравница	1042-N-103955
курортный организация	1042-N-105639
курортный учреждение	1042-N-105642
санаторий	1042-N-111116
санаторный учреждение	1042-N-117838
санаторно-курортный объединение	1042-N-117836
санаторно-курортный предприятие	1042-N-117083
санаторно-курортный учреждение	1042-N-111119
санаторно-курортный комплекс	1042-N-111120
санаторно-курортный центр	1042-N-117835
санаторно-оздоровительный комплекс	1042-N-210405
санаторный комплекс	1042-N-121480
заболевание	111615-N-103678
паротит	9239-N-118449
свинка	9239-N-118625
носитель болезнь	145567-N-699807
росный ладан	131857-N-214393
ладан	131857-N-141235
проказа	8764-N-116420
лепра	8764-N-119886
диспансеризация	4438-N-103188
диспансерный учет	4438-N-103191
диспансерный наблюдение	4438-N-103189
периодический медицинский обследование	4438-N-210428
диспансерный контроль	4438-N-120418
периодический медицинский осмотр	4438-N-210429
микобактерия	133405-N-187688
вензаболевание	108965-N-167125
венерический болезнь	108965-N-101374
венерический заболевание	108965-N-101376
нервный болезнь	6337-N-143596
нервно-мышечный заболевание	6337-N-107562
поражение нервный система	6337-N-669635
болезнь нервный система	6337-N-133775
заболевание нервный система	6337-N-211914
неврологический заболевание	6337-N-107453
компьютерный томография	137616-N-201950
